user_id,recommendations
1,"[1029743, 1135834, 1082212, 1004906, 6034857]"
2,"[1106523, 1075368, 1040807, 1068719, 899624]"
3,"[1029743, 1106523, 5569230, 916122, 1044078]"
6,"[1029743, 1126899, 1004906, 1044078, 1105488]"
7,"[1106523, 1126899, 1122358, 5568378, 5568729]"
8,"[1029743, 1106523, 1070820, 899624, 1004906]"
9,"[1029743, 1056005, 1056509, 1070820, 1109615]"
10,"[1029743, 1106523, 5569230, 916122, 1044078]"
13,"[1029743, 1068719, 899624, 5568378, 1004906]"
14,"[1029743, 1138443, 5569327, 6034857, 1009187]"
15,"[13841744, 1029743, 1106523, 1082212, 1070820]"
16,"[1029743, 1126899, 1106523, 1070820, 899624]"
18,"[1068719, 880150, 6034857, 1008032, 1123022]"
19,"[1106523, 1029743, 1068719, 899624, 1044078]"
20,"[1126899, 1068719, 5592931, 1075368, 1098248]"
21,"[1029743, 1106523, 1042544, 1049735, 1013389]"
22,"[1082185, 1070820, 12988031, 880150, 883003]"
23,"[1029743, 1075368, 1051468, 1005274, 1004436]"
24,"[1029743, 1082185, 1106523, 1126899, 1070820]"
25,"[1029743, 1041796, 1004906, 5568378, 1044078]"
26,"[1029743, 1022254, 1068719, 1122358, 1132771]"
27,"[1102416, 1075368, 1008032, 1137775, 14111400]"
28,"[1075368, 10344585, 14106445, 1112238, 1029685]"
29,"[5567502, 1044078, 1138467, 993638, 1050851]"
30,"[1029743, 1106523, 1070820, 1126899, 899624]"
31,"[1126899, 1070820, 1040807, 1004906, 1132771]"
32,"[1055504, 1068719, 1003649, 1104343, 1081177]"
33,"[1029743, 1106523, 1042544, 5569327, 1025611]"
34,"[1056005, 1029743, 993638, 1106523, 1000753]"
35,"[13841744, 1029743, 1126899, 1040807, 993638]"
36,"[1029743, 1068719, 5568378, 1044078, 1008032]"
37,"[6391381, 1067606, 1097001, 1067695, 1002771]"
39,"[1126899, 1022254, 5568378, 1104343, 5569471]"
40,"[899624, 1004906, 1055504, 6034857, 1127831]"
41,"[1126899, 6034857, 5568729, 1050851, 1081177]"
42,"[1031087, 5995177, 1006483, 1029743, 1106523]"
43,"[1029743, 1106523, 6513810, 1014292, 863447]"
46,"[1029743, 1068719, 5569230, 899624, 5569471]"
47,"[944534, 12731436, 1044078, 5569230, 8090537]"
49,"[1029743, 1070820, 1068719, 1004906, 1044078]"
50,"[1029743, 1106523, 5569230, 916122, 1044078]"
51,"[1029743, 899624, 1122358, 1101010, 1004906]"
52,"[1029743, 1106523, 1026118, 1004906, 1132771]"
53,"[944139, 1087102, 6034857, 1006184, 5569471]"
55,"[1004906, 1121360, 6513713, 1105301, 1036249]"
56,"[1126899, 899624, 1101010, 1004906, 1132771]"
57,"[1004906, 1116741, 1098719, 1113164, 1027168]"
58,"[1029743, 1070820, 1126899, 1106523, 1068719]"
59,"[1106523, 1022254, 1056509, 899624, 1004906]"
62,"[1029743, 1106523, 1126899, 1070820, 1044078]"
63,"[7431408, 1029743, 9858920, 1106523, 1014292]"
64,"[1106523, 1070820, 1022254, 1004906, 1044078]"
65,"[1029743, 1070820, 1135834, 1075368, 1004906]"
67,"[1029743, 1070820, 899624, 1004906, 6034857]"
68,"[1029743, 1068719, 1004906, 1044078, 5568378]"
69,"[1106523, 1029743, 899624, 1044078, 1004906]"
70,"[1029743, 1106523, 844179, 12810393, 5569230]"
71,"[1029743, 1056509, 899624, 1101010, 1098844]"
72,"[1070820, 1004906, 5568378, 1087102, 844179]"
75,"[1029743, 1106523, 1126899, 1070820, 899624]"
77,"[1029743, 1126899, 1106523, 899624, 1004906]"
78,"[1082185, 1106523, 844179, 8090440, 1053530]"
79,"[1070820, 1022254, 1068719, 899624, 1004906]"
80,"[1029743, 899624, 1044078, 1132771, 844179]"
81,"[1029743, 1106523, 844179, 1044078, 1132771]"
82,"[880150, 12599756, 1065538, 1119761, 1000753]"
83,"[1106523, 1029743, 1037332, 12692332, 10457590]"
84,"[1106523, 1029743, 1016276, 1092937, 5569230]"
85,"[1022254, 1068719, 1075368, 1044078, 1004906]"
86,"[1029743, 1106523, 1040807, 1101010, 1056509]"
87,"[1029743, 1106523, 6391089, 8293385, 1078543]"
88,"[1029743, 1068719, 1004906, 1056509, 1044078]"
90,"[1029743, 1106523, 5569230, 916122, 1044078]"
91,"[1029743, 1106523, 6602729, 1136524, 1138487]"
92,"[1126899, 1104343, 12946027, 9884698, 1127758]"
94,"[1065979, 1029743, 1106523, 1130452, 12262830]"
95,"[1029743, 1056509, 1044078, 1040807, 944534]"
97,"[1029743, 1070820, 1075368, 1044078, 1137775]"
98,"[1042544, 1044078, 1004906, 6034857, 8090521]"
99,"[1126899, 1029743, 6034857, 1044078, 5568378]"
100,"[1029743, 1062128, 5578547, 863447, 926905]"
101,"[1106523, 844179, 899624, 1044078, 1004906]"
103,"[1029743, 1106523, 1122358, 1044078, 899624]"
104,"[1029743, 1106523, 1004906, 5568378, 1044078]"
105,"[1106523, 1004906, 1044078, 844179, 6034857]"
106,"[1121393, 1029743, 1106523, 1129049, 1111080]"
107,"[1106523, 1029743, 1028891, 1126899, 1070820]"
109,"[12171656, 1126899, 1044078, 6034857, 880150]"
110,"[1106523, 1022254, 1068719, 899624, 1044078]"
111,"[1106523, 1004906, 7464370, 1009187, 1129049]"
112,"[1029743, 1106523, 1022066, 1062128, 1070820]"
113,"[1029743, 1070820, 899624, 1004906, 1127831]"
114,"[1029743, 1070820, 1038985, 1009187, 10344585]"
115,"[1106523, 1029743, 6034857, 5568729, 1087102]"
116,"[1019637, 1014732, 1104343, 1106523, 1029743]"
117,"[6034857, 944534, 1105488, 5569230, 8065410]"
118,"[1082185, 5585510, 1115175, 1050851, 1006184]"
119,"[1029743, 1009187, 1131488, 1002771, 12946027]"
121,"[1029743, 1122358, 1004906, 1044078, 880150]"
122,"[1118264, 1116635, 1086119, 1050851, 1070702]"
123,"[1029743, 1126899, 1070820, 1056509, 1004906]"
124,"[1037840, 1029743, 1106523, 1070820, 1126899]"
125,"[1029743, 1004906, 5568378, 1132771, 1044078]"
126,"[1029743, 1004906, 1025611, 1009187, 1136524]"
127,"[1029743, 1106523, 1075368, 899624, 1026118]"
128,"[1098248, 1029743, 1106523, 1126899, 1070820]"
131,"[1029743, 1068719, 6034857, 1044078, 1051323]"
132,"[1106523, 1126899, 1026118, 6034857, 1062002]"
133,"[1029743, 1022254, 880150, 1132771, 925862]"
134,"[1029743, 1106523, 899624, 1132771, 5569230]"
135,"[1101589, 1118264, 5565187, 6979545, 5568732]"
136,"[1106523, 1068719, 5568378, 899624, 1056509]"
138,"[1029743, 1126899, 1070820, 1068719, 899624]"
139,"[1082185, 1126899, 6034857, 5569230, 8090521]"
140,"[1029743, 1106523, 1037840, 1056509, 1044078]"
141,"[1029743, 1106523, 5569230, 916122, 1044078]"
142,"[1029743, 1106523, 1019247, 1082212, 5569327]"
143,"[1106523, 1029743, 1044078, 844179, 5569327]"
146,"[1029743, 1106523, 1068719, 1130729, 1129049]"
151,"[1029743, 1106523, 1126899, 1105917, 6602697]"
153,"[1029743, 1126899, 1106523, 1086061, 844179]"
156,"[1082185, 1029743, 1106523, 1070820, 1075368]"
157,"[1126899, 1070820, 1122358, 1098844, 8090537]"
158,"[1092303, 12731714, 1045586, 844179, 1043751]"
159,"[1106523, 1068719, 899624, 1004906, 1138443]"
160,"[1135834, 1070820, 1105917, 944534, 1065167]"
161,"[1068719, 1004906, 1101010, 1075368, 1056509]"
162,"[1029743, 1070820, 1122358, 1037840, 6034857]"
164,"[1029743, 5592931, 1087102, 1132771, 844179]"
166,"[1029743, 1106523, 1075368, 1068719, 1101010]"
167,"[1072693, 10457590, 1043751, 1042765, 1006063]"
168,"[1029743, 1106523, 5569230, 916122, 1044078]"
169,"[1029743, 1106523, 1070820, 1126899, 1099164]"
171,"[1106523, 1029743, 1070272, 1004906, 899624]"
172,"[1118046, 12263857, 1029743, 1044500, 1003616]"
174,"[1029743, 1106523, 5569230, 916122, 1044078]"
178,"[13841744, 1116376, 1024319, 1056005, 1106523]"
183,"[1106523, 7147145, 1072086, 8090440, 925862]"
184,"[5592931, 1075368, 844179, 1044078, 9835509]"
185,"[1029743, 1068719, 899624, 1056509, 844179]"
187,"[1029743, 1106523, 1126899, 1070820, 5588161]"
188,"[1106523, 1098844, 1056509, 944534, 1044078]"
190,"[1029743, 1021116, 1018740, 1006184, 1055472]"
191,"[6632283, 1036347, 1029743, 1106523, 1060543]"
192,"[1029743, 1068719, 1098248, 5568378, 1056509]"
193,"[1029743, 1082185, 1106523, 1098844, 944139]"
194,"[1051468, 6391381, 8090440, 5568378, 9527159]"
195,"[1029743, 1022254, 1101010, 1044078, 844179]"
196,"[1106523, 1029743, 1068719, 899624, 1004906]"
197,"[1126899, 1005274, 1041796, 5568378, 1129049]"
198,"[1106523, 1029743, 1068719, 899624, 1004906]"
199,"[13842100, 1082212, 1106523, 1029743, 1126899]"
200,"[1029743, 12731714, 1038985, 5568378, 1024032]"
201,"[1103476, 1138292, 1106523, 1056509, 6034857]"
202,"[1029743, 1106523, 1039578, 9333734, 899624]"
203,"[1029743, 1009187, 880150, 1127328, 1004906]"
204,"[1070820, 1040807, 1097635, 6034857, 1018740]"
205,"[1082185, 1106523, 1026118, 1004906, 5592931]"
208,"[1106523, 1070820, 899624, 1132771, 880150]"
209,"[1126899, 1029743, 899624, 1068719, 1040807]"
210,"[1106523, 1004906, 1075368, 844179, 1044078]"
211,"[12731544, 1004906, 844179, 925862, 12731714]"
212,"[1029743, 1070820, 1100972, 1004906, 1006184]"
213,"[1029743, 1106523, 5569230, 916122, 1044078]"
214,"[1005274, 1019643, 925862, 1081177, 1055425]"
215,"[7464370, 13073103, 12731621, 863447, 12810393]"
216,"[1067606, 1068719, 1040807, 1101010, 1008032]"
217,"[1029743, 1040807, 12731714, 1026984, 944534]"
218,"[1070820, 1022254, 1004906, 1056509, 1041796]"
219,"[1070820, 1127831, 1004906, 844179, 5569230]"
220,"[1029743, 1068719, 1004906, 944534, 1044078]"
221,"[1040807, 1137775, 1042544, 1051283, 1026984]"
222,"[1126899, 1026118, 1004906, 1100972, 1105488]"
224,"[1029743, 1106523, 1037840, 899624, 1056509]"
225,"[1029743, 1043663, 1137346, 1004906, 1110244]"
226,"[1029743, 1126899, 1106523, 1070820, 1056509]"
227,"[1029743, 1126899, 1106523, 1011427, 1073546]"
228,"[1126899, 1139782, 899624, 1041796, 6034577]"
230,"[1029743, 1004906, 1044078, 844179, 944534]"
232,"[1029743, 1106523, 1068719, 1056509, 844179]"
233,"[1029743, 1131488, 1106523, 1070820, 1126899]"
235,"[1029743, 1070820, 899624, 1004906, 6034857]"
236,"[1029743, 1126899, 1022254, 899624, 1104343]"
239,"[1004906, 1044078, 1101010, 844179, 1132771]"
240,"[1029743, 1106523, 5569230, 916122, 1044078]"
241,"[1055504, 863447, 1029743, 1106523, 1126899]"
242,"[1029743, 1106523, 1126899, 5568378, 1044078]"
243,"[1126899, 1098248, 1004906, 6034857, 1087102]"
244,"[1004906, 1100972, 5568378, 1006184, 5578547]"
245,"[1126899, 1029743, 1106523, 12731517, 1132771]"
246,"[1065061, 1029743, 1106523, 1006483, 1070820]"
247,"[1001827, 999779, 883003, 1121360, 8090537]"
248,"[1029743, 1126899, 1106523, 899624, 5568378]"
249,"[1029743, 1106523, 1068719, 1004906, 1044078]"
250,"[1029743, 1056509, 5568378, 1101010, 844179]"
251,"[1029743, 1070820, 1075368, 1068719, 1040807]"
252,"[1029743, 1106523, 5569230, 916122, 1044078]"
253,"[1106523, 1029743, 1022254, 1044078, 899624]"
254,"[1029743, 1106523, 1070820, 1126899, 1004906]"
256,"[1004906, 1075368, 5568378, 5569327, 5569230]"
257,"[1106523, 899624, 1044078, 5568378, 1040807]"
258,"[1029743, 1126899, 1070820, 1041796, 1044078]"
259,"[1062128, 6391381, 1087605, 13039578, 12262830]"
260,"[1086727, 1029743, 8180870, 1106523, 1019643]"
262,"[1068719, 1101010, 1056509, 1004906, 1040807]"
263,"[1029743, 1068719, 899624, 1004906, 1044078]"
264,"[1132771, 1087102, 1138443, 13190349, 1086727]"
265,"[1106523, 899624, 844179, 12731432, 1025611]"
266,"[1126899, 1121393, 5569471, 1062002, 844179]"
267,"[1029743, 1106523, 1126899, 1070820, 1004906]"
268,"[1051283, 13213057, 1028938, 1014948, 13039578]"
269,"[1056509, 12731544, 1139782, 899624, 1004906]"
270,"[1028891, 1029743, 1040807, 1106523, 1126899]"
271,"[1029743, 1106523, 1129049, 9297055, 9296849]"
273,"[1106523, 1037840, 5592931, 899624, 1004906]"
274,"[12731714, 993638, 1029743, 1106523, 1126899]"
275,"[1106523, 1068719, 899624, 944534, 844179]"
276,"[1029743, 899624, 1004906, 1044078, 1132771]"
278,"[899624, 1137775, 1138443, 1138292, 1097001]"
280,"[1106523, 899624, 1044078, 944534, 844179]"
281,"[1070820, 1104343, 1054567, 5585510, 5569230]"
282,"[1029743, 1055504, 1087102, 6034857, 1081177]"
283,"[1070820, 1075368, 1068719, 5568378, 1004906]"
284,"[1029743, 1106523, 5569230, 916122, 1044078]"
285,"[1106523, 1029743, 1068719, 899624, 1004906]"
286,"[1055504, 8015407, 1127328, 12987975, 1081177]"
287,"[1106523, 1004906, 5568729, 880150, 5569230]"
288,"[1082185, 1070820, 1098844, 1026118, 899624]"
289,"[1104343, 1051516, 1098248, 6034857, 925862]"
290,"[1029743, 1068719, 899624, 1044078, 5568378]"
291,"[1106523, 5592931, 5568378, 1122358, 1004906]"
292,"[1137346, 986727, 1131321, 8020234, 8020205]"
294,"[1106523, 1004906, 1132771, 880150, 1087102]"
297,"[1029743, 1075368, 899624, 1044078, 5568378]"
300,"[1029743, 1106523, 899624, 1075368, 1004906]"
301,"[1029743, 844179, 1044078, 6034857, 1087102]"
302,"[5569327, 944139, 1014948, 13190349, 1134810]"
303,"[1029743, 899624, 1004906, 1044078, 844179]"
304,"[1029743, 1106523, 1044078, 6034857, 844179]"
305,"[1029743, 8014645, 6602729, 1005274, 8090521]"
306,"[1029743, 899624, 1101010, 1044078, 1056509]"
307,"[1021116, 12946027, 927028, 993638, 1127758]"
308,"[1043787, 13841744, 1059922, 1110057, 1115576]"
311,"[1029743, 1106523, 1121393, 1110057, 1111080]"
312,"[1068719, 1051468, 880150, 1087102, 1136719]"
314,"[1029743, 1106523, 1009187, 844179, 1132771]"
316,"[1068719, 5592931, 1122358, 1044078, 1046201]"
317,"[1029743, 1126899, 1004906, 1056509, 944534]"
318,"[1126899, 1106523, 1029743, 1070820, 7025203]"
321,"[1126899, 1068719, 1026118, 1098844, 1056509]"
322,"[1070820, 1040807, 1014948, 5569471, 1071342]"
323,"[1029743, 1106523, 5569230, 916122, 1044078]"
324,"[1070820, 1098844, 1081177, 5569230, 8090537]"
325,"[1029743, 1042544, 1136524, 5569471, 5569230]"
326,"[1137346, 1090931, 1029743, 1106523, 1126899]"
327,"[1029743, 1106523, 5569230, 916122, 1044078]"
328,"[1070820, 1132771, 1044078, 1127831, 1138443]"
329,"[1029743, 1045586, 1041796, 12988031, 1105488]"
330,"[1106523, 13841744, 1004906, 1127328, 1042544]"
331,"[1029743, 1106523, 1070820, 1098844, 880150]"
332,"[1029743, 1070820, 899624, 5568378, 1044078]"
333,"[1029743, 1106523, 5569230, 916122, 1044078]"
334,"[1082185, 1029743, 1106523, 1098248, 1004906]"
338,"[1029743, 1082185, 1106523, 1026118, 1004906]"
339,"[1029743, 1106523, 5592931, 1056509, 1042544]"
342,"[1029743, 1106523, 1070820, 899624, 925862]"
343,"[6034857, 1046957, 13071902, 5569230, 8090537]"
345,"[1029743, 1068719, 899624, 1044078, 1132771]"
346,"[1029743, 1101010, 1040807, 880150, 844179]"
347,"[1029743, 1106523, 5569230, 916122, 1044078]"
348,"[1029743, 1068719, 899624, 1044078, 1056509]"
349,"[1029743, 1106523, 1079941, 1125497, 1126899]"
350,"[1106523, 1087102, 7168026, 883003, 1016800]"
351,"[1106523, 899624, 1004906, 1044078, 844179]"
353,"[1022254, 1098844, 899624, 1004906, 6034857]"
354,"[1106523, 1004906, 1101010, 1044078, 1132771]"
356,"[1029743, 1106523, 1031448, 13841744, 1049735]"
357,"[1126899, 1040807, 1098844, 1056509, 1122358]"
358,"[1106523, 1068719, 1004906, 1044078, 844179]"
360,"[1029743, 5568378, 1106523, 1070820, 1126899]"
361,"[1029743, 1106523, 1044078, 1004906, 844179]"
362,"[1135834, 12731714, 1056509, 12946027, 993638]"
364,"[1029743, 1106523, 5569230, 916122, 1044078]"
365,"[1029743, 1022254, 1132771, 5569230, 1062002]"
366,"[1106523, 1029743, 944534, 12731432, 1113111]"
367,"[1070820, 1068719, 1098248, 1138443, 5569471]"
369,"[1029743, 1126899, 899624, 1025611, 1127758]"
371,"[1029743, 1068719, 844179, 1004906, 880150]"
373,"[1029743, 1106523, 5569230, 916122, 1044078]"
374,"[1029743, 1022254, 1004906, 1026118, 1137775]"
375,"[1029743, 1106523, 1126899, 1070820, 844179]"
376,"[1044078, 844179, 1050851, 12301100, 12302069]"
377,"[1082185, 1029743, 1126899, 899624, 1004906]"
378,"[13841744, 1004906, 5568729, 15926886, 1136719]"
380,"[1106523, 899624, 1004906, 1044078, 844179]"
381,"[1029743, 1075368, 1037840, 1040807, 1056509]"
382,"[1029743, 1106523, 1069312, 7168383, 1070820]"
383,"[1126899, 1022254, 1068719, 1098844, 6034857]"
384,"[1126899, 1075368, 1026118, 1055504, 1098844]"
385,"[1126899, 1075368, 1004906, 6034857, 1087102]"
386,"[1106523, 1029743, 899624, 1004906, 1044078]"
387,"[1126899, 1098844, 1026118, 1055504, 1137775]"
388,"[1029743, 1106523, 1126899, 1070820, 9884698]"
389,"[1126899, 899624, 1004906, 1127831, 5568378]"
390,"[1029743, 1040807, 993638, 5569471, 5569230]"
392,"[1106523, 1022254, 1068719, 1004906, 1040807]"
393,"[1029743, 1106523, 1068719, 1075368, 1044078]"
394,"[1029743, 1106523, 1070820, 1137775, 1026118]"
395,"[1029743, 1100972, 1016276, 1021324, 5568378]"
396,"[1075368, 1126899, 1004906, 1087102, 6034857]"
397,"[1029743, 1126899, 12988031, 1132771, 5569230]"
398,"[1029743, 1055504, 1040807, 1122358, 1036347]"
400,"[1029743, 1106523, 1068719, 899624, 1004906]"
401,"[1022254, 1004906, 6602697, 1006184, 12946027]"
402,"[1029743, 1106523, 12171656, 880150, 883003]"
404,"[1004906, 6034857, 1044078, 1081177, 844179]"
405,"[1026118, 899624, 1101010, 1044078, 1087102]"
406,"[1029743, 1043787, 1070820, 6391381, 1092303]"
407,"[1037840, 1029743, 1106523, 1126899, 1070820]"
409,"[1070820, 1026118, 1098248, 1101010, 844179]"
410,"[1029743, 1022254, 899624, 1132771, 1044078]"
411,"[1082185, 1029743, 1106523, 1075368, 899624]"
412,"[1106523, 1005274, 944534, 844179, 10344585]"
413,"[1082185, 1106523, 899624, 1098844, 1026118]"
414,"[1029743, 1106523, 1068719, 1004906, 1044078]"
415,"[7167970, 1029743, 1106523, 1126899, 1070820]"
417,"[1082185, 1029743, 1026118, 1055504, 844179]"
418,"[1029743, 1070820, 1132771, 5569327, 6034857]"
420,"[1029743, 1106523, 5569230, 916122, 1044078]"
421,"[1029743, 1070820, 1126899, 1068719, 1040807]"
425,"[1106523, 1070820, 1029743, 1004906, 1044078]"
426,"[1070820, 1022254, 1098844, 1098248, 1055504]"
427,"[1082185, 1102416, 1029252, 1029743, 1106523]"
429,"[1029743, 1106523, 12946027, 1056509, 13186440]"
430,"[1029743, 1106523, 1070820, 1068719, 1132771]"
432,"[1029743, 1075368, 1004906, 1044078, 5568378]"
433,"[1082185, 1106523, 1029743, 1122358, 1067606]"
434,"[1029743, 1068719, 1055504, 1044078, 5568378]"
435,"[1126899, 1029743, 1106523, 1070820, 899624]"
437,"[1029743, 1106523, 1101010, 5568378, 1132771]"
438,"[1070820, 1068719, 899624, 1004906, 5568378]"
441,"[1019247, 1038985, 6602697, 6034857, 6602729]"
442,"[1126899, 1121393, 1004906, 1087102, 6034857]"
443,"[1106523, 1070820, 899624, 8014645, 1056509]"
446,"[1029743, 1106523, 5569230, 916122, 1044078]"
447,"[1029743, 1106523, 1041796, 5569327, 1004596]"
449,"[1029743, 1106523, 1054567, 1034176, 9858920]"
450,"[1029743, 1105917, 1132771, 1042544, 7025362]"
451,"[1029743, 1070820, 1026118, 1075368, 1037840]"
454,"[1029743, 1106523, 1068719, 899624, 1044078]"
457,"[1029743, 1106523, 1122358, 1135468, 9655696]"
458,"[1004906, 1044078, 1003649, 5568072, 9935616]"
459,"[1058243, 1106523, 1029743, 1126899, 1070820]"
460,"[1029743, 1106523, 1098844, 1070820, 1126899]"
461,"[1029743, 1106523, 1126899, 1004906, 10344585]"
462,"[1045586, 1137775, 6533362, 944534, 1011926]"
463,"[1082185, 1106523, 1055504, 1062002, 5569230]"
464,"[1029743, 844179, 899624, 1004906, 883003]"
466,"[1025611, 1029743, 1106523, 1119761, 1072523]"
467,"[1029743, 1106523, 1026118, 1068719, 1004906]"
468,"[1082185, 1029743, 1106523, 1044078, 1122358]"
469,"[1029743, 1070820, 1068719, 6034857, 5568378]"
470,"[1106523, 1029743, 1119784, 1004906, 1024998]"
471,"[1029743, 1106523, 5569230, 916122, 1044078]"
474,"[1029743, 1068719, 8090521, 8090537, 844179]"
477,"[1029743, 1106523, 5569230, 916122, 1044078]"
478,"[1029743, 1106523, 8203851, 1051989, 1060912]"
479,"[1106523, 1068719, 1037840, 1101010, 1138443]"
480,"[1026118, 1098248, 5592931, 1001827, 1004906]"
482,"[1029743, 1106523, 5569230, 916122, 1044078]"
483,"[1106523, 1122358, 1068719, 1044078, 12731432]"
484,"[6602697, 1117514, 1044078, 1062002, 12301100]"
485,"[1029743, 899624, 1044078, 7166861, 5569230]"
487,"[1029743, 1106523, 12484491, 1070820, 1126899]"
489,"[1022254, 1087102, 1138443, 5568729, 1062002]"
491,"[1029743, 1126899, 1055504, 1056509, 1098248]"
493,"[1029743, 1068719, 5568378, 899624, 1004906]"
495,"[1029743, 1106523, 899624, 1004906, 844179]"
497,"[1029743, 1106523, 1037332, 1070820, 1098844]"
502,"[1029743, 1068719, 899624, 1004906, 1132771]"
503,"[1070820, 1098248, 5569230, 1004906, 6034857]"
505,"[1029743, 1106523, 1070820, 1126899, 7166861]"
506,"[1063577, 1136719, 1062128, 5568732, 1138487]"
507,"[1126899, 1037332, 9858920, 1014948, 1121384]"
508,"[1106523, 1101010, 1025611, 1104649, 1127758]"
510,"[1029743, 1070820, 1068719, 844179, 1127831]"
511,"[1029743, 1106523, 899624, 1044078, 12301100]"
513,"[1132771, 1044078, 844179, 5569471, 12301109]"
514,"[1127328, 1098248, 1100972, 1105488, 1103618]"
515,"[1106523, 5592931, 1004906, 1067606, 1044078]"
516,"[1029743, 1106523, 1110692, 1053329, 1070820]"
517,"[1126899, 1098844, 1056509, 6034857, 1004906]"
518,"[1106523, 1004906, 1056509, 1101010, 844179]"
520,"[1029743, 1106523, 1068719, 1101010, 1104343]"
521,"[1029743, 1106523, 1126899, 1137688, 1026118]"
523,"[1029743, 1106523, 1043787, 12171656, 899624]"
524,"[1106523, 1082185, 1098844, 1101980, 10455579]"
525,"[12171656, 1029743, 1106523, 9487534, 5567601]"
526,"[1029743, 1122358, 899624, 5568378, 1004906]"
527,"[12987975, 12988031, 1101010, 1011926, 1100972]"
531,"[1029743, 1008032, 1075368, 1054539, 1134483]"
533,"[1029743, 1106523, 1068719, 899624, 1044078]"
534,"[1029743, 1106523, 1126899, 1070820, 1004906]"
537,"[1126899, 1137775, 1051283, 1098435, 1124971]"
538,"[1070820, 1098844, 5568378, 5568729, 5569230]"
539,"[1029743, 1106523, 8014645, 1126899, 1070820]"
540,"[1068719, 1005274, 1019643, 925862, 1136524]"
542,"[1106523, 1068719, 1075368, 1122358, 1009187]"
543,"[8090521, 944534, 1070702, 12262978, 1015280]"
544,"[1126899, 1098844, 1003616, 1004906, 14106445]"
545,"[1098844, 1055504, 1040807, 1100972, 6034857]"
547,"[1029743, 1037840, 1022254, 1040807, 1101010]"
548,"[1029743, 6034857, 844179, 8090521, 1044078]"
550,"[1029743, 1106523, 5569230, 916122, 1044078]"
552,"[1029743, 1106523, 899624, 1044078, 5568378]"
553,"[1029743, 1106523, 1068719, 899624, 1004906]"
554,"[1106523, 1072086, 1034886, 1120970, 7025202]"
556,"[1029743, 1106523, 5569230, 916122, 1044078]"
557,"[1029743, 6602729, 1106523, 15595983, 1112766]"
558,"[1106523, 1068719, 899624, 1004906, 1044078]"
560,"[1029743, 1068719, 1004906, 5568378, 1044078]"
562,"[1029743, 1137775, 8090521, 964521, 1081177]"
563,"[1029743, 1075368, 1038985, 1105917, 1117514]"
564,"[1091520, 8015407, 1020208, 1129049, 925862]"
566,"[1029743, 1106523, 5569230, 916122, 1044078]"
567,"[1106523, 899624, 1044078, 5568378, 944534]"
568,"[1106523, 1029743, 1068719, 1004906, 1044078]"
569,"[1029743, 12171656, 1092303, 1081177, 925862]"
570,"[1029743, 1106523, 5569230, 916122, 1044078]"
574,"[1029743, 1004906, 6034857, 1044078, 1137775]"
575,"[1106523, 1070820, 899624, 1004906, 5568378]"
576,"[1137775, 8090521, 8090537, 8090440, 5585510]"
577,"[1029743, 1070820, 1098844, 5568378, 1056509]"
578,"[1129049, 8090521, 1123022, 1091520, 1127831]"
579,"[1029743, 1106523, 1070820, 1126899, 1044078]"
580,"[12731544, 1029743, 1056509, 1047769, 1038985]"
581,"[1029743, 1126899, 1070820, 1022254, 1026118]"
582,"[1029743, 1070820, 1004906, 5568378, 5569327]"
583,"[1029743, 1037840, 1098248, 1122358, 899624]"
586,"[1029743, 1106523, 1068719, 1004906, 1044078]"
587,"[1118046, 1029743, 1114653, 1106523, 1126899]"
588,"[1106523, 1068719, 1004906, 6034857, 1138443]"
590,"[1029743, 1106523, 899624, 1004906, 944534]"
591,"[1106523, 1068719, 899624, 1004906, 1044078]"
593,"[1106523, 1029743, 1126899, 1070820, 1010308]"
594,"[1029743, 1106523, 1068719, 899624, 1122358]"
595,"[1029743, 1106523, 1004906, 5569327, 1044078]"
596,"[1106523, 1068719, 899624, 1122358, 1044078]"
598,"[1029743, 1106523, 1068719, 1004906, 1137775]"
600,"[1029743, 1004906, 1044078, 844179, 863447]"
602,"[1029743, 1126899, 944139, 1021116, 1014948]"
603,"[1029743, 1106523, 1044078, 844179, 1025611]"
604,"[1029743, 1005274, 1009187, 1104414, 883003]"
605,"[1029743, 1106523, 1126899, 1004906, 6034857]"
606,"[1029743, 1106523, 1026118, 1004906, 1005274]"
608,"[1106523, 1022254, 1004906, 1044078, 944534]"
609,"[1106523, 1122358, 1038985, 944139, 1021116]"
610,"[1029743, 1106523, 5569230, 916122, 1044078]"
611,"[1029743, 1122358, 1038985, 12648296, 1037863]"
612,"[1029743, 5568378, 1044078, 1004906, 844179]"
613,"[1029743, 1106523, 5569230, 916122, 1044078]"
614,"[1029743, 899624, 1004906, 5568378, 844179]"
615,"[12731544, 1029743, 1106523, 1133312, 1070820]"
617,"[1126899, 1070820, 8090440, 5568729, 12810393]"
618,"[1070820, 1106523, 1029743, 1068719, 899624]"
621,"[1101010, 1132771, 1100972, 844179, 1087102]"
622,"[1106523, 1068719, 1004906, 925862, 1044078]"
623,"[1029743, 899624, 1101010, 1004906, 1044078]"
624,"[1106523, 5592931, 899624, 1004906, 1044078]"
630,"[1070820, 1022254, 899624, 1056509, 1044078]"
631,"[1022254, 899624, 1004906, 1081177, 5569230]"
632,"[1029743, 1070820, 1004906, 1122358, 844179]"
633,"[1029743, 1106523, 1070820, 1075368, 1044078]"
636,"[1029743, 1106523, 1022254, 899624, 1081177]"
637,"[1106523, 1068719, 899624, 1004906, 1100972]"
638,"[1029743, 1068719, 1004906, 1044078, 844179]"
640,"[1029743, 1106523, 5569230, 916122, 1044078]"
641,"[1070820, 1126899, 1068719, 1004906, 844179]"
643,"[925862, 944534, 5569230, 5569471, 993638]"
644,"[1005274, 1081262, 1087102, 1004906, 1027168]"
647,"[1029743, 899624, 1004906, 1044078, 5568378]"
648,"[1037332, 1026118, 10457590, 899624, 5578547]"
650,"[1029743, 1126899, 1106523, 1070820, 899624]"
652,"[1065061, 1102416, 1075368, 1068719, 1056005]"
653,"[1029743, 1126899, 899624, 1004906, 1044078]"
654,"[1040807, 1044078, 8090521, 1004436, 1034176]"
655,"[1029743, 1068719, 1044078, 844179, 5569230]"
658,"[1029743, 1068719, 1022254, 1132771, 1122358]"
659,"[1110692, 944534, 925862, 1103808, 5565356]"
660,"[1029743, 1126899, 1098844, 1101010, 1132771]"
661,"[899624, 1044078, 5569230, 1081177, 12301109]"
662,"[1029743, 1005274, 1115098, 1070272, 8090521]"
663,"[1082185, 1106523, 5569230, 8090521, 8090537]"
665,"[1029743, 1106523, 1088771, 1126899, 1070820]"
666,"[1106523, 1001827, 1101980, 1044078, 6034857]"
667,"[1022254, 1104343, 1004906, 12946027, 880150]"
668,"[1029743, 1106523, 1022254, 1037332, 10455579]"
669,"[1082185, 1126899, 1098844, 6034857, 5568729]"
670,"[1029743, 1022254, 1004906, 1137775, 5568729]"
671,"[1029743, 1056509, 899624, 5568378, 5569327]"
672,"[1029743, 1122358, 899624, 1044078, 5569230]"
673,"[1082185, 1029743, 1106523, 1128244, 1068719]"
674,"[1029743, 1068719, 1004906, 1044078, 5568378]"
675,"[1106523, 1022254, 1068719, 1004906, 925862]"
676,"[1106523, 899624, 1044078, 844179, 5568378]"
680,"[899624, 1004906, 844179, 1122358, 5569230]"
681,"[1029743, 1126899, 13841744, 1134483, 5568378]"
684,"[1106523, 1042544, 1003616, 6979545, 844179]"
685,"[844179, 899624, 1004906, 1044078, 1040807]"
687,"[1029743, 1106523, 844179, 899624, 1098844]"
690,"[1029743, 1106523, 1022254, 1068719, 899624]"
691,"[1070820, 12946027, 1118046, 5569471, 7025202]"
692,"[1019643, 1104343, 6602729, 1026118, 1135834]"
693,"[1029743, 1070820, 899624, 1004906, 844179]"
694,"[1029743, 1106523, 1126899, 1070820, 1037840]"
695,"[1029743, 899624, 1055504, 1004906, 1122358]"
696,"[1126899, 1068719, 1004906, 6034857, 1138443]"
697,"[1070820, 6602729, 1087102, 1106271, 1036347]"
698,"[1029743, 1106523, 1026118, 1044078, 1112387]"
699,"[1029743, 1068719, 1098844, 899624, 1056509]"
700,"[1029743, 1106523, 1037840, 899624, 1101010]"
701,"[1106523, 10344585, 5569230, 951197, 5585510]"
702,"[1029743, 1106523, 899624, 1004906, 844179]"
703,"[844179, 5568729, 5569230, 1138443, 880150]"
705,"[1029743, 1106523, 1126899, 10457590, 5567502]"
706,"[1029743, 1070820, 1040807, 1004906, 5568729]"
707,"[1029743, 1106523, 1068719, 1044078, 844179]"
708,"[1029743, 1004906, 5569327, 964521, 1092303]"
709,"[1029743, 1106523, 1044078, 899624, 1004906]"
710,"[1106523, 1068719, 1004906, 1044078, 5568378]"
711,"[1037840, 1029743, 1098284, 1106523, 1026946]"
712,"[1070820, 899624, 1004906, 1056509, 1137775]"
713,"[1052294, 1029743, 1106523, 9655696, 13213552]"
714,"[1106523, 1126899, 1070820, 899624, 1044078]"
715,"[1029743, 1106523, 1022254, 1040807, 1122358]"
716,"[1105917, 1046957, 13189726, 12263692, 1116020]"
717,"[1029743, 1106523, 878715, 1087102, 9673969]"
718,"[1029743, 1106523, 1068719, 899624, 1004906]"
719,"[1026946, 5565322, 1106523, 1029743, 1126899]"
720,"[1098248, 1055504, 1056212, 1098844, 1092730]"
721,"[1029743, 1106523, 6632283, 1014948, 1126899]"
722,"[1106523, 1126899, 1004906, 6034857, 844179]"
723,"[1070820, 1098844, 1082212, 880150, 6602697]"
725,"[1106523, 1126899, 1068719, 899624, 1044078]"
726,"[1022254, 12731544, 5578547, 1062002, 8203720]"
727,"[1106523, 1029743, 1068719, 1022254, 899624]"
728,"[1029743, 1106523, 899624, 1004906, 1040807]"
729,"[1029743, 1106523, 1126899, 1070820, 899624]"
730,"[1126899, 1106523, 1029743, 1122358, 1135834]"
731,"[1029743, 1070820, 1004906, 12988031, 5568378]"
733,"[1029743, 1106523, 5566472, 5569471, 1081177]"
734,"[1029743, 6391381, 1055504, 1098248, 1005274]"
735,"[1082185, 1106523, 1029743, 13841744, 1043663]"
736,"[1029743, 899624, 1105917, 1047076, 1116741]"
740,"[1029743, 1106523, 1022254, 899624, 6034857]"
741,"[1106523, 899624, 1087102, 844179, 1081177]"
742,"[1106523, 1037840, 899624, 1004906, 5569230]"
743,"[1029743, 1106523, 1070820, 1022254, 1004906]"
744,"[1029743, 1070820, 899624, 6034857, 5568378]"
745,"[6034857, 1056509, 1062002, 1000237, 1101706]"
747,"[1037332, 1137775, 9527159, 5569230, 8090537]"
748,"[1106523, 1044078, 1138443, 5568729, 844179]"
749,"[1029743, 1106523, 5569230, 916122, 1044078]"
750,"[1029743, 1106523, 1126899, 1070820, 1004906]"
752,"[1106523, 1075368, 1004906, 1132771, 880150]"
753,"[1029743, 1026118, 1004906, 1009187, 1059902]"
754,"[1055504, 1126899, 1036347, 1005274, 1045586]"
755,"[1055504, 1100972, 899624, 1098248, 1137775]"
757,"[9884698, 1117514, 1034176, 5568729, 1009368]"
759,"[1036347, 10457590, 12263857, 6533746, 6534077]"
761,"[1029743, 1106523, 1068719, 1004906, 1056509]"
762,"[1029743, 1070820, 1022254, 1068719, 5568378]"
764,"[1029743, 1106523, 1004906, 8014645, 10344585]"
766,"[1070820, 1004906, 1127831, 6034857, 5569230]"
767,"[8090440, 1070820, 1072523, 964521, 925862]"
768,"[1029743, 899624, 1056509, 1044078, 844179]"
769,"[1029743, 1106523, 1126899, 1132771, 1070272]"
770,"[1029743, 1075368, 899624, 1044078, 844179]"
771,"[1106523, 1068719, 1004906, 1044078, 844179]"
773,"[9655528, 1029743, 1106523, 5570004, 10344585]"
776,"[1082185, 1029743, 1106523, 1022254, 899624]"
777,"[1029743, 1070820, 1046816, 1056005, 1132771]"
779,"[1075368, 1068719, 1040807, 1138443, 8090537]"
781,"[1046816, 1022254, 12946027, 8014645, 1097761]"
784,"[1029743, 1068719, 1051516, 1105917, 1087102]"
786,"[1106523, 1004906, 1044078, 880150, 5569230]"
787,"[1082212, 1104414, 1034176, 1004436, 1131488]"
788,"[1029743, 1068719, 899624, 1004906, 1044078]"
789,"[1043751, 1101010, 1029743, 1106523, 9296919]"
790,"[1029743, 13841744, 1038985, 1005274, 5569230]"
793,"[1029743, 1106523, 1118046, 1021324, 5567502]"
794,"[1029743, 1126899, 8090521, 8090537, 1051211]"
795,"[1029743, 1106523, 5569230, 916122, 1044078]"
796,"[1055504, 1029743, 1106523, 1070820, 1126899]"
798,"[1126899, 13841744, 1004906, 6979545, 6034857]"
799,"[1126899, 1098844, 1056509, 844179, 1131488]"
800,"[1029743, 844179, 5568378, 5569230, 1081177]"
801,"[1029743, 1126899, 1082185, 1105917, 1137775]"
802,"[1104343, 899624, 1004906, 1041796, 1056005]"
803,"[1106523, 1004906, 1044078, 844179, 5569230]"
804,"[1029743, 899624, 1004906, 1044078, 844179]"
805,"[1029743, 1068719, 899624, 1044078, 5568378]"
806,"[1082185, 1029743, 1068719, 1004906, 5568378]"
807,"[1029743, 1126899, 1004906, 6034857, 5568729]"
808,"[1029743, 12171656, 1068719, 1082212, 1100972]"
810,"[993638, 1029743, 1106523, 1070272, 8090440]"
811,"[1029743, 1106523, 1126899, 1070820, 844179]"
813,"[12262778, 1050851, 6034857, 935393, 951197]"
814,"[1029743, 1106523, 5569230, 916122, 1044078]"
816,"[1029743, 1075368, 1068719, 1089025, 1056005]"
817,"[1082185, 1106523, 1070820, 1022254, 1026118]"
818,"[1029743, 1004906, 6602729, 5569471, 844179]"
820,"[1029743, 1106523, 1070820, 899624, 1004906]"
822,"[1029743, 1106523, 5569230, 916122, 1044078]"
823,"[1106523, 899624, 1004906, 8090440, 6034857]"
824,"[1106523, 1068719, 1011926, 1068292, 1009770]"
825,"[1126899, 6034857, 1132771, 1040807, 844179]"
826,"[12384431, 1029743, 1106523, 1126899, 1070820]"
829,"[1101010, 1132771, 1137775, 1104414, 15926844]"
830,"[1029743, 1082185, 1106523, 13841744, 899624]"
831,"[5568378, 844179, 5568729, 5569230, 1087102]"
836,"[1126899, 1037840, 1042544, 1108094, 878715]"
837,"[1126899, 993638, 5591520, 1138467, 1000237]"
840,"[1029743, 1068719, 5569230, 1040807, 1122358]"
841,"[1029743, 1106523, 899624, 1101010, 5568378]"
842,"[1029743, 1106523, 1070820, 1068719, 899624]"
844,"[1026118, 1004906, 1127831, 1044078, 5568729]"
845,"[1004906, 5568729, 8090537, 844179, 944139]"
846,"[1029743, 1075368, 1138443, 1004906, 1112238]"
847,"[1001827, 1045586, 1005274, 8014645, 1062128]"
848,"[1070820, 1075368, 1098248, 944139, 1009187]"
850,"[1004906, 1004001, 1044078, 1006184, 1127758]"
852,"[1106523, 1126899, 1070820, 1005274, 899624]"
853,"[1029743, 1126899, 12171656, 1022254, 1026118]"
854,"[1106523, 1029743, 12946027, 1070820, 1126899]"
855,"[1029743, 1022254, 1075368, 1098844, 6034857]"
856,"[1029743, 1106523, 1022254, 1068719, 899624]"
857,"[1029743, 1070820, 1101010, 1040807, 1138443]"
858,"[1029743, 1106523, 1126899, 1070820, 1112766]"
859,"[1075368, 1004906, 1044078, 844179, 1040807]"
861,"[1029743, 1106523, 5569230, 916122, 1044078]"
862,"[1029743, 1068719, 1037840, 1041796, 5568378]"
863,"[1029743, 1070820, 5592931, 5585510, 1044078]"
864,"[1029743, 899624, 1004906, 1044078, 1132771]"
865,"[1106523, 1067606, 1075368, 1036347, 1047076]"
866,"[1106523, 1068719, 899624, 1044078, 5568378]"
867,"[1106523, 1075368, 1098844, 1055504, 899624]"
868,"[1070820, 1068719, 899624, 5568729, 1044078]"
869,"[5592931, 880150, 12946027, 1124695, 1044078]"
871,"[1029743, 1056509, 1098844, 1127831, 5569230]"
875,"[1126899, 899624, 1004001, 1097001, 5569471]"
876,"[1126899, 1068719, 1004906, 1044078, 1041796]"
877,"[1126899, 1055504, 1138443, 12648296, 12988031]"
878,"[1106523, 1044078, 5568378, 844179, 5569327]"
879,"[1101010, 1137775, 880150, 1138443, 1087102]"
880,"[1029743, 1106523, 1126899, 1070820, 1044078]"
881,"[1029743, 1106523, 5569230, 916122, 1044078]"
882,"[1029743, 1106523, 899624, 1056509, 1044078]"
883,"[1029743, 1022254, 1004906, 6034857, 844179]"
884,"[1029743, 1106523, 5569230, 916122, 1044078]"
885,"[1106523, 1075368, 1040807, 1004906, 5568378]"
886,"[1029743, 1126899, 1070820, 1040807, 1098248]"
887,"[1106523, 1126899, 1029743, 1070820, 1005274]"
888,"[1029743, 1106523, 1070820, 1068719, 899624]"
889,"[1126899, 1070820, 1098844, 1056509, 5569471]"
891,"[1106523, 899624, 1004906, 1087102, 1137775]"
893,"[1029743, 1106523, 1075368, 1100972, 925862]"
894,"[1029743, 1137688, 1068719, 6034857, 6602697]"
895,"[1005274, 1105488, 8090509, 5568489, 1062128]"
897,"[1031087, 1029743, 1106523, 1043751, 1006184]"
898,"[1029743, 1022254, 899624, 1026118, 1127831]"
900,"[1068719, 1004906, 1132771, 1044078, 944534]"
903,"[1029743, 1106523, 5569230, 916122, 1044078]"
904,"[1129610, 1125391, 1106523, 1029743, 8357825]"
906,"[1126899, 5568378, 5568721, 1009187, 9835509]"
907,"[1106523, 1022254, 899624, 1132771, 944534]"
908,"[1029743, 1106523, 1070820, 1022254, 1068719]"
909,"[1029743, 1068719, 899624, 1004906, 1044078]"
911,"[1126899, 1092303, 1005274, 1104343, 1024306]"
913,"[1029743, 1070820, 7464370, 1002771, 10344585]"
914,"[1029743, 880150, 899624, 1044078, 844179]"
915,"[1128163, 1106523, 1029743, 1068719, 1004906]"
916,"[1029743, 1106523, 1126899, 1075368, 1055504]"
919,"[1106523, 1115098, 9655679, 993638, 1070272]"
920,"[1082185, 1106523, 899624, 1098844, 1004906]"
922,"[1126899, 1026118, 1098248, 993638, 1081177]"
924,"[1029743, 1105917, 1121384, 8090537, 5569845]"
926,"[1132771, 1138443, 1087102, 1101706, 7442008]"
927,"[12171656, 1126899, 1087102, 1005274, 10149640]"
928,"[1029743, 1022254, 1026118, 1038985, 944139]"
929,"[1070820, 1004906, 1044078, 944534, 5568729]"
930,"[1106523, 1029743, 1135468, 1126899, 1050741]"
931,"[1126899, 1029743, 1068719, 899624, 1004906]"
934,"[1029743, 1106523, 1068719, 899624, 1044078]"
935,"[1029743, 1106523, 5569230, 916122, 1044078]"
936,"[1029743, 1106523, 1070820, 1068719, 899624]"
937,"[1126899, 5570109, 1021116, 6034857, 8019954]"
939,"[1029743, 1106523, 899624, 1075368, 1004906]"
940,"[1030093, 5568378, 1006184, 1061402, 9526448]"
941,"[1006184, 1130581, 5569471, 1050851, 1081177]"
942,"[1029743, 1068719, 1004906, 1044078, 5569327]"
943,"[1106523, 5592931, 899624, 1044078, 1062002]"
944,"[1029743, 1106523, 1082185, 1101010, 1132771]"
946,"[1106523, 1068719, 899624, 1004906, 1132771]"
947,"[12731544, 1051516, 12731714, 944534, 12946027]"
949,"[1029743, 899624, 1004906, 5568378, 1044078]"
951,"[1029743, 1106523, 1070820, 1126899, 844179]"
952,"[1029743, 1075368, 1037840, 1041796, 1005274]"
953,"[1029743, 1126899, 1106523, 1043920, 6034857]"
954,"[1029743, 1126899, 1106523, 1070820, 899624]"
955,"[1029743, 1106523, 1004906, 1044078, 5568378]"
956,"[1029743, 1070820, 1022254, 1068719, 899624]"
957,"[1029743, 1106523, 1068719, 1137775, 844179]"
959,"[1106523, 1098248, 1092303, 1022254, 1026984]"
960,"[1126899, 1070820, 12731544, 1036347, 1053016]"
961,"[1029743, 1070820, 1005274, 5569327, 5568729]"
964,"[1029743, 1106523, 1068719, 1098844, 899624]"
965,"[1106523, 944534, 1044078, 1042544, 944139]"
967,"[1029743, 1106523, 5569230, 916122, 1044078]"
968,"[1029743, 1106523, 1068719, 899624, 1044078]"
969,"[1029743, 1106523, 1126899, 1070820, 1004906]"
971,"[1029743, 1070820, 1075368, 1004906, 5568378]"
972,"[1029743, 1126899, 1106523, 1070820, 6632283]"
973,"[1004906, 1127831, 1081177, 1105488, 1062002]"
974,"[1029743, 1106523, 5569230, 916122, 1044078]"
975,"[1040807, 1098248, 1044078, 5569327, 1087102]"
976,"[1029743, 1126899, 1068719, 899624, 1127831]"
978,"[1106523, 1070820, 1121384, 1081177, 1062002]"
979,"[1029743, 1106523, 1022254, 899624, 1004906]"
981,"[1029743, 1092937, 1086483, 1013928, 5569230]"
982,"[1029743, 1106523, 1068719, 899624, 1004906]"
983,"[1029743, 1044078, 1122358, 844179, 1087102]"
984,"[1029743, 1106523, 1022254, 1116741, 1132814]"
985,"[1029743, 1040807, 1055504, 899624, 1122358]"
986,"[1029743, 1037840, 1056509, 8090440, 1137775]"
987,"[1106523, 1070820, 1075368, 1026118, 1056509]"
988,"[1070820, 1068719, 1004906, 1044078, 8090537]"
989,"[1029743, 1106523, 1068719, 899624, 1075368]"
991,"[1029743, 1106523, 1070820, 1126899, 844179]"
992,"[1029743, 1106523, 1126899, 1070820, 8119231]"
993,"[1068719, 1040807, 1138443, 6034857, 1056509]"
996,"[1029743, 1040807, 899624, 1004906, 1101010]"
997,"[1070820, 1019247, 8090521, 1137346, 5568320]"
998,"[1106523, 1029743, 1068719, 899624, 1044078]"
999,"[1029743, 1042544, 1131488, 8090537, 5569471]"
1000,"[1068719, 1056509, 6034857, 1081177, 1105917]"
1001,"[1135834, 1044078, 5569327, 5569230, 5568729]"
1003,"[1029743, 1070820, 1056509, 1044078, 1042544]"
1004,"[1029743, 964521, 1136719, 9884698, 1127025]"
1005,"[1044078, 1004906, 844179, 944534, 1050851]"
1007,"[1029743, 1098844, 1004906, 5568732, 1044078]"
1008,"[1029743, 1106523, 13115501, 1070820, 1126899]"
1010,"[1070820, 5568378, 6463775, 5981267, 12301100]"
1011,"[1070820, 1126899, 1075368, 899624, 1004906]"
1012,"[1070820, 880150, 8090440, 1043730, 9884698]"
1014,"[1029743, 1106523, 1068719, 899624, 1004906]"
1015,"[899624, 1004906, 1056509, 1037332, 1055425]"
1018,"[1070820, 1075368, 1004906, 944139, 999779]"
1019,"[1043663, 1106523, 1026118, 863447, 1068292]"
1020,"[1029743, 1070820, 1068719, 899624, 1004906]"
1021,"[1029743, 1070820, 1038985, 1005274, 12946027]"
1023,"[5568378, 1105488, 5569327, 5568729, 1087102]"
1024,"[1106523, 1070820, 1068719, 899624, 1044078]"
1025,"[1029743, 1106523, 1068719, 1044078, 5568378]"
1027,"[899624, 1101010, 1132771, 1097635, 1067795]"
1029,"[1126899, 1022254, 1040807, 1132771, 1051211]"
1030,"[1029743, 1106523, 5569230, 916122, 1044078]"
1034,"[1029743, 1106523, 5569230, 916122, 1044078]"
1038,"[1106523, 1026118, 5592931, 1044078, 925862]"
1039,"[1029743, 5568378, 1044078, 5569230, 5569471]"
1040,"[1126899, 1075368, 5569471, 6034857, 1087102]"
1041,"[1029743, 1106523, 1068719, 1022254, 899624]"
1042,"[1044078, 5568378, 1040807, 1132771, 944534]"
1043,"[1029743, 1106523, 5569230, 916122, 1044078]"
1045,"[1029743, 1106523, 5569327, 1044078, 5568729]"
1046,"[1126899, 6034857, 1055504, 1071342, 944534]"
1047,"[1029743, 1040807, 1004906, 899624, 944534]"
1050,"[1106523, 1068719, 899624, 1004906, 1044078]"
1051,"[1029743, 1106523, 1126899, 1070820, 899624]"
1053,"[1132771, 1137775, 1087102, 1138443, 1062002]"
1057,"[1106523, 12171656, 1043787, 6034857, 1044078]"
1058,"[1029743, 1106523, 1004906, 1137775, 5568378]"
1060,"[1029743, 1040807, 1132771, 1044078, 5568378]"
1061,"[1106523, 1068719, 899624, 1044078, 1004906]"
1062,"[1029743, 1056509, 1042544, 1004906, 1054567]"
1064,"[899624, 5568378, 1004906, 5568729, 1009187]"
1066,"[899624, 1004906, 1100972, 944534, 5569327]"
1067,"[1082185, 1029743, 1126899, 1075368, 1132771]"
1068,"[1029743, 1106523, 1004906, 1072086, 6602697]"
1069,"[1029743, 1082185, 1051516, 1003616, 844179]"
1070,"[1029743, 899624, 1138443, 12301100, 1005274]"
1071,"[1029743, 1098248, 1124695, 1082454, 5569230]"
1073,"[1126899, 1004906, 1131488, 5568729, 964521]"
1074,"[1029743, 1004906, 1044078, 5568378, 844179]"
1075,"[1029743, 1106523, 1025611, 844179, 10149640]"
1076,"[1106523, 1075368, 1122358, 1004906, 1132771]"
1077,"[12731714, 1024319, 1051516, 1102845, 7168026]"
1078,"[1082185, 1106523, 1126899, 1068719, 1098844]"
1080,"[1029743, 1106523, 1068719, 899624, 1004906]"
1081,"[1029743, 1106523, 1068719, 899624, 1004906]"
1082,"[1106523, 1007269, 1044078, 844179, 8090521]"
1083,"[1029743, 1106523, 1119761, 1037863, 12301109]"
1084,"[1106523, 1122358, 1004906, 944139, 844179]"
1085,"[1029743, 1106523, 1056509, 1004906, 1040807]"
1086,"[1037751, 925862, 1138443, 1065167, 1019643]"
1087,"[1029743, 1106523, 1044078, 1056509, 5569230]"
1088,"[1106523, 1068719, 944534, 1136524, 1006184]"
1089,"[1029743, 1006483, 1031316, 1044078, 1108168]"
1090,"[1029743, 1106523, 1126899, 1070820, 1044078]"
1091,"[1029743, 899624, 1056509, 1122358, 1044078]"
1092,"[1106523, 1029743, 13841744, 1101980, 1044078]"
1093,"[1029743, 1037332, 1013407, 1116376, 899624]"
1094,"[1029743, 1106523, 1068719, 899624, 1004906]"
1096,"[1029743, 1106523, 1027090, 1048833, 1126899]"
1097,"[1106523, 899624, 1026118, 5568729, 5569230]"
1098,"[1070820, 1098844, 899624, 6034857, 1026118]"
1100,"[1034176, 12808385, 1029743, 1106523, 1126899]"
1102,"[1029743, 1022254, 1138443, 1009187, 8090440]"
1103,"[1029743, 1126899, 1087102, 1138443, 8090440]"
1104,"[1131488, 6602729, 1115576, 8090440, 993638]"
1105,"[1029743, 1106523, 5569230, 916122, 1044078]"
1106,"[1106523, 1029743, 1129049, 1046545, 12757316]"
1108,"[1029743, 1106523, 1088771, 1018740, 1126899]"
1109,"[1070820, 1022254, 1055504, 899624, 1056509]"
1110,"[1029743, 1070820, 1044078, 944534, 12301100]"
1111,"[1029743, 1106523, 1068719, 899624, 1004906]"
1112,"[1082185, 1075368, 1111080, 1008547, 6034857]"
1113,"[1126899, 1068719, 1004906, 1056509, 5569471]"
1114,"[1029743, 1119761, 9296919, 1044078, 12648296]"
1115,"[1029743, 1106523, 5569230, 916122, 1044078]"
1117,"[1106523, 1068719, 899624, 1122358, 5568729]"
1119,"[1029743, 1021116, 944534, 1044078, 844179]"
1120,"[1029743, 899624, 1004906, 1122358, 925862]"
1121,"[1029743, 1101010, 5568378, 1131488, 5568729]"
1123,"[1126899, 1070820, 899624, 1004906, 5568378]"
1124,"[1029743, 1106523, 899624, 1056509, 5568378]"
1127,"[1029743, 13841744, 5592931, 1051516, 1004906]"
1128,"[1029743, 1106523, 5592931, 844179, 944139]"
1129,"[1029743, 1126899, 13842100, 1037332, 1094924]"
1130,"[1106523, 1029743, 899624, 1044078, 844179]"
1131,"[1029743, 1075368, 1044078, 880150, 844179]"
1132,"[1004906, 1044078, 844179, 12301109, 1025611]"
1133,"[1029743, 1106523, 1098844, 1055504, 1038985]"
1134,"[1106523, 1070820, 1098844, 899624, 1055504]"
1135,"[1029743, 1106523, 1126899, 1070820, 1001827]"
1136,"[1029743, 1004906, 1056005, 5569230, 9296919]"
1137,"[1068719, 1071342, 7442180, 5585510, 1130858]"
1138,"[1106523, 1068719, 899624, 5567502, 5568721]"
1139,"[5569327, 1081177, 925862, 1105488, 1123022]"
1141,"[1029743, 13841744, 1056509, 1132771, 15926886]"
1142,"[899624, 1026118, 6034857, 944534, 880150]"
1145,"[1029743, 1106523, 1068719, 1022254, 899624]"
1146,"[1029743, 1106523, 1022254, 1098844, 1004906]"
1147,"[1029743, 1106523, 1068719, 1042544, 1041796]"
1149,"[1029743, 1106523, 8090440, 1126899, 1070820]"
1151,"[1106523, 1122358, 6602697, 1041796, 1098844]"
1152,"[1029743, 1106523, 1126899, 1070820, 1110111]"
1154,"[1106523, 1089025, 7409874, 1062002, 1081177]"
1155,"[1029743, 1106523, 899624, 1037840, 880150]"
1157,"[1029743, 1070820, 1004906, 1041796, 1100972]"
1158,"[1106523, 1004906, 1044078, 1101010, 1098844]"
1159,"[1082185, 1068719, 1081177, 1062002, 10344585]"
1160,"[1106523, 1068719, 1044078, 1004906, 844179]"
1161,"[1106523, 1029743, 1070820, 1104343, 1014948]"
1163,"[1029743, 1056509, 1044078, 1004906, 12301100]"
1164,"[1029743, 1070820, 6034857, 1055504, 1062002]"
1166,"[1029743, 1068719, 899624, 5568729, 925862]"
1167,"[1082185, 1070820, 1098844, 1004906, 5568378]"
1168,"[1114653, 1019637, 878715, 1031087, 1040807]"
1169,"[1106523, 1022254, 899624, 1004906, 1044078]"
1171,"[1029743, 1038985, 1059902, 1067606, 1070272]"
1172,"[1029743, 1082185, 1106523, 1070820, 1075368]"
1174,"[1029743, 1106523, 1068719, 1101010, 1044078]"
1175,"[1098844, 1075368, 1122358, 1062002, 1101706]"
1176,"[1029743, 1106523, 5569230, 916122, 1044078]"
1178,"[1004906, 1044078, 844179, 880150, 1104343]"
1179,"[1029743, 1068719, 899624, 1132771, 5568378]"
1180,"[1029743, 1106523, 1022254, 1101010, 1004906]"
1182,"[1029743, 1106523, 1126899, 1070820, 899624]"
1183,"[1029743, 1106523, 5569230, 916122, 1044078]"
1185,"[1029743, 1106523, 1059902, 1009187, 1036347]"
1186,"[12946027, 1126899, 1070820, 1055504, 1098844]"
1187,"[1106523, 1022254, 1068719, 1044078, 1027168]"
1188,"[15926844, 7409874, 1004906, 1044078, 844179]"
1189,"[1082212, 1029743, 1106523, 1026118, 8180870]"
1190,"[1029743, 1026118, 1037840, 899624, 6034857]"
1191,"[1022254, 5568378, 5569327, 5568729, 1051211]"
1192,"[1068719, 1026984, 1136524, 844179, 5587656]"
1193,"[1068719, 899624, 1004906, 880150, 5569230]"
1194,"[1106523, 1022254, 944534, 1044078, 12301100]"
1195,"[1029743, 1049372, 1087081, 1075368, 1137688]"
1196,"[1070820, 1047076, 925862, 6034857, 1002771]"
1197,"[1029743, 1004906, 1132771, 1137775, 844179]"
1198,"[1106523, 1029743, 1098844, 6034857, 15926886]"
1201,"[1029743, 1106523, 1034176, 9527159, 1090884]"
1202,"[13382402, 1029743, 1106523, 1126899, 1070820]"
1203,"[1106523, 1044078, 844179, 1138443, 880150]"
1204,"[1029743, 1106523, 1037840, 944534, 1008032]"
1205,"[1029743, 1106523, 1068719, 899624, 1044078]"
1206,"[1106523, 899624, 1004906, 1044078, 844179]"
1207,"[1029743, 1075368, 1037840, 5981074, 13115501]"
1208,"[1106523, 1132771, 12731432, 899624, 1034176]"
1209,"[1029743, 1106523, 1051283, 1126899, 1070820]"
1210,"[1106523, 1029743, 1070820, 1051516, 1004906]"
1211,"[1070820, 1022254, 1004906, 844179, 5569230]"
1214,"[1029743, 1106523, 5569230, 916122, 1044078]"
1216,"[1022254, 1004906, 1044078, 6034857, 844179]"
1217,"[1029743, 1075368, 899624, 1004906, 1056509]"
1218,"[1126899, 1070820, 6034857, 1122358, 5568378]"
1219,"[1029743, 1106523, 1126899, 1070820, 1004906]"
1221,"[1029743, 1106523, 1002178, 1055504, 1034176]"
1222,"[1106523, 1044078, 1056509, 5568378, 844179]"
1223,"[1029743, 1106523, 1037840, 1042544, 5568378]"
1224,"[1029743, 1068719, 1022254, 899624, 1004906]"
1225,"[1029743, 1106523, 1087102, 12648296, 1097001]"
1226,"[1106523, 1070820, 1068719, 1004906, 1044078]"
1227,"[1029743, 1126899, 1106523, 1070820, 899624]"
1228,"[1106523, 1126899, 1068719, 899624, 1004906]"
1229,"[1070820, 1068719, 1004906, 1127831, 1137775]"
1230,"[1121393, 1065538, 1029743, 1106523, 1082990]"
1231,"[1029743, 1082185, 1070820, 1117514, 6533936]"
1234,"[899624, 1004906, 5568378, 1056509, 1132771]"
1236,"[1106523, 1026118, 1101010, 5568378, 1056509]"
1238,"[1029743, 1040807, 6034857, 5569230, 1043751]"
1240,"[1070820, 1026118, 6034857, 5568378, 1137775]"
1241,"[1029743, 1106523, 5569230, 916122, 1044078]"
1242,"[1029743, 1106523, 5569230, 916122, 1044078]"
1245,"[1044078, 1062128, 12302069, 1026984, 12301109]"
1246,"[1029743, 1126899, 1122358, 1040807, 1132771]"
1247,"[1029743, 1126899, 899624, 1004906, 1056509]"
1248,"[1106523, 1044078, 1056509, 5568378, 1040807]"
1249,"[1029743, 1139023, 1106523, 1045586, 1032703]"
1252,"[1029743, 12987975, 1006184, 5569471, 8090537]"
1255,"[1106523, 1029743, 1039578, 1138292, 1056509]"
1256,"[1022254, 1098844, 899624, 1004906, 1132771]"
1257,"[1055504, 1126899, 1026118, 12946027, 1046957]"
1258,"[1105917, 925862, 1104414, 1051211, 5569471]"
1259,"[1037332, 7025202, 1044078, 6533362, 1038663]"
1260,"[1022254, 1026118, 1127831, 1044078, 1098248]"
1261,"[1070820, 1055504, 12301109, 1051323, 12731714]"
1262,"[1029743, 1106523, 5569230, 916122, 1044078]"
1263,"[1029743, 844179, 5569327, 880150, 1050851]"
1264,"[1029743, 1106523, 899624, 1137775, 5568729]"
1265,"[1029743, 1067606, 1092303, 1042544, 5568378]"
1266,"[1022254, 6602697, 863447, 1119761, 917816]"
1267,"[1070820, 12171656, 1098844, 1092303, 878715]"
1269,"[1029743, 1106523, 1070820, 899624, 1040807]"
1270,"[1106523, 1026118, 1004906, 1042544, 1044078]"
1271,"[1029743, 1068719, 899624, 1004906, 1044078]"
1272,"[1068719, 1004906, 1040807, 1137775, 6034857]"
1274,"[1029743, 1070820, 1068719, 5568378, 1041796]"
1277,"[1106523, 5568378, 844179, 5569327, 1087102]"
1278,"[1029743, 1106523, 5569230, 916122, 1044078]"
1279,"[1106523, 1004906, 1044078, 844179, 880150]"
1280,"[1029743, 1106523, 5569230, 916122, 1044078]"
1281,"[1106523, 1029743, 1056005, 1070820, 1126899]"
1282,"[1106523, 1068719, 1044078, 899624, 1004906]"
1283,"[1029743, 1106523, 1070820, 1126899, 1004906]"
1284,"[899624, 1004906, 13841744, 999779, 12731432]"
1285,"[1029743, 1106523, 1004906, 1138443, 5569230]"
1287,"[1040807, 1100972, 880150, 5566472, 1081177]"
1288,"[1041796, 1034176, 844179, 883003, 5585510]"
1289,"[1029743, 1106523, 1101010, 1097001, 1037417]"
1290,"[1029743, 1126899, 1106523, 1070820, 1044078]"
1291,"[1106523, 1101010, 1044078, 1132771, 1087102]"
1293,"[1106523, 1029743, 1068719, 899624, 1004906]"
1294,"[1126899, 1070820, 1068719, 1004906, 844179]"
1295,"[1029743, 1122358, 1038663, 8090521, 1119761]"
1296,"[1029743, 1131488, 1062863, 1136524, 8090537]"
1297,"[1106523, 1126899, 1082185, 1068719, 1026118]"
1298,"[1029743, 5592931, 899624, 1004906, 5569327]"
1299,"[1029743, 1106523, 1070820, 899624, 5569230]"
1300,"[1029743, 1106523, 1126899, 1070820, 1055504]"
1303,"[1029743, 899624, 5568378, 6034857, 5568729]"
1304,"[1029743, 1106523, 1075368, 1126899, 1070820]"
1305,"[1029743, 1106523, 1068719, 899624, 1004906]"
1306,"[1029743, 1106523, 1068719, 899624, 1056509]"
1307,"[1075368, 1132771, 951197, 8090440, 5568758]"
1310,"[1055504, 6034857, 8090521, 1043751, 12810393]"
1312,"[1029743, 1126899, 899624, 1004906, 5568378]"
1313,"[1029743, 1116741, 899624, 1100972, 1072523]"
1314,"[1029743, 1106523, 1068719, 1075368, 1044078]"
1316,"[1029743, 899624, 5568378, 1044078, 1005274]"
1317,"[1029743, 1044078, 5568378, 5569327, 1100972]"
1318,"[1098844, 6034857, 1100972, 880150, 925862]"
1319,"[1029743, 878715, 1042765, 993638, 12648296]"
1321,"[1106523, 899624, 1081177, 1127831, 12810393]"
1325,"[1098844, 6602697, 14106445, 1002771, 1081177]"
1326,"[1029743, 899624, 1004906, 1044078, 1132771]"
1328,"[1029743, 1132771, 880150, 944534, 1025611]"
1329,"[1098248, 1008032, 863447, 993638, 12262778]"
1330,"[1106523, 1040807, 1044078, 999779, 5569230]"
1331,"[1029743, 1106523, 1056509, 12731544, 1008032]"
1332,"[6034857, 6391381, 12731714, 844179, 1062128]"
1333,"[1029743, 1126899, 944534, 6034857, 1122358]"
1334,"[1106523, 1029743, 1044500, 1117514, 8118675]"
1335,"[1098248, 824305, 1009187, 12946027, 6034577]"
1336,"[1029743, 844179, 1068719, 1044078, 1004906]"
1337,"[1029743, 1070820, 1068719, 899624, 1004906]"
1338,"[1106523, 899624, 1044078, 8090537, 9884698]"
1340,"[1029743, 1106523, 13381928, 1004436, 1070820]"
1342,"[1029743, 1106523, 5569230, 916122, 1044078]"
1343,"[1029743, 1106523, 5569230, 916122, 1044078]"
1344,"[1029743, 1087102, 1100972, 1019643, 5569230]"
1346,"[1082212, 1063577, 1022527, 5568758, 1095712]"
1347,"[1029743, 1037840, 6533681, 1042544, 880150]"
1350,"[1029743, 1106523, 899624, 1055504, 1044078]"
1351,"[1106523, 1029743, 1126899, 1070820, 1001475]"
1352,"[1022254, 1068719, 1004906, 1041796, 1100972]"
1353,"[1029743, 1106523, 1068719, 899624, 1004906]"
1354,"[1100972, 944534, 9527159, 1008032, 12648296]"
1355,"[1029743, 1106523, 5569230, 916122, 1044078]"
1356,"[1070820, 1105917, 1005274, 6034857, 824305]"
1357,"[1029743, 1126899, 1106523, 1070820, 1044078]"
1358,"[1029743, 1106523, 1070820, 1068719, 1041796]"
1359,"[1029743, 1106523, 1070820, 1075368, 1037840]"
1360,"[1029743, 1106523, 5569230, 916122, 1044078]"
1361,"[1029743, 1106523, 5569230, 916122, 1044078]"
1362,"[1136719, 1065017, 1015386, 7169088, 7168026]"
1363,"[1029743, 1106523, 1068719, 1004906, 1056509]"
1364,"[1029743, 1070820, 1056509, 1004906, 12731714]"
1366,"[1126899, 1101010, 1055504, 5568378, 1137775]"
1367,"[1126899, 1070820, 1068719, 1004906, 1040807]"
1368,"[1029743, 1070820, 1004906, 844179, 12301109]"
1369,"[1126899, 1055504, 1137775, 1003616, 1065167]"
1370,"[1106523, 844179, 1022254, 1044078, 899624]"
1373,"[1087081, 1018818, 1029743, 1007269, 1106523]"
1374,"[1106523, 1037840, 1004906, 880150, 944534]"
1375,"[1029743, 1082185, 1106523, 1022254, 6034857]"
1376,"[1029743, 899624, 1004906, 1056509, 1044078]"
1378,"[1105488, 1062002, 1081177, 5585510, 851819]"
1379,"[1029743, 1068719, 899624, 1004906, 1044078]"
1380,"[1029743, 5577022, 1092669, 1138631, 8203342]"
1381,"[1029743, 1106523, 1092303, 12352015, 1126899]"
1382,"[1029743, 1122358, 1056509, 1004906, 1044078]"
1383,"[6034857, 5568729, 13190349, 1034176, 1108094]"
1384,"[1029743, 1106523, 5592931, 1004906, 880150]"
1385,"[1029743, 1106523, 1022254, 1004906, 5568378]"
1387,"[1022254, 899624, 1082212, 1105917, 944534]"
1388,"[1068719, 1004906, 1041796, 1042544, 1027168]"
1389,"[12171656, 1098844, 1045586, 12731714, 1069312]"
1390,"[1029743, 899624, 844179, 5568378, 1132771]"
1391,"[899624, 1004906, 1044078, 6034857, 844179]"
1393,"[1126899, 1004906, 6034857, 1127831, 12810393]"
1394,"[1106523, 6034857, 880150, 1081177, 5569471]"
1395,"[1126899, 1026118, 1139782, 1085920, 993638]"
1397,"[1029743, 1106523, 1022254, 1068719, 1004906]"
1398,"[1050741, 1029743, 8292955, 1106523, 1017195]"
1399,"[1029743, 1045586, 1004001, 1009187, 1116741]"
1401,"[1043663, 1106523, 1029743, 1126899, 1070820]"
1402,"[1106523, 1004906, 1105917, 1104343, 1092303]"
1403,"[1029743, 1106523, 5569230, 916122, 1044078]"
1405,"[1029743, 1106523, 1075368, 1040807, 1056509]"
1406,"[1029743, 1022254, 5568378, 1004906, 1040807]"
1408,"[1029743, 1106523, 9858847, 9859060, 1087605]"
1409,"[1037840, 1056509, 1004906, 1044078, 5569230]"
1410,"[1029743, 1026118, 1044078, 844179, 5568729]"
1412,"[1029743, 1068719, 844179, 880150, 8090521]"
1413,"[1029743, 12599756, 1106523, 1126899, 1070820]"
1414,"[1029743, 1106523, 1126899, 1070820, 844179]"
1417,"[1106523, 1044078, 844179, 1081177, 12648296]"
1418,"[1098844, 1108094, 15926886, 5569471, 5569230]"
1419,"[1106523, 1026118, 1044078, 844179, 880150]"
1421,"[1029743, 899624, 1044078, 844179, 944534]"
1423,"[1082185, 1022254, 12731517, 1056509, 1004906]"
1425,"[1029743, 1101010, 1044078, 1040807, 1004906]"
1426,"[1029743, 13841744, 1019247, 6034857, 1043751]"
1427,"[1029743, 1122358, 5568732, 1044078, 1062863]"
1428,"[1029743, 1126899, 1106523, 1068719, 899624]"
1429,"[1106523, 1126899, 1029743, 1070820, 1092730]"
1430,"[1029743, 1126899, 1068719, 1004906, 6034857]"
1431,"[1029743, 1068719, 1104343, 880150, 5569230]"
1434,"[1106523, 1068719, 1075368, 1101010, 5568378]"
1437,"[1029743, 899624, 1004906, 1044078, 5568378]"
1440,"[1029743, 1106523, 1101010, 1056509, 1044078]"
1443,"[1106523, 1029743, 10344585, 1111080, 1057168]"
1445,"[1029743, 1070820, 1004906, 1044078, 6034857]"
1447,"[1029743, 1106523, 1088910, 1128016, 1070820]"
1450,"[1029743, 899624, 6391381, 12731432, 9884698]"
1451,"[1029743, 1070820, 1022254, 899624, 1004906]"
1452,"[1029743, 1106523, 1008032, 944139, 1024051]"
1453,"[1029743, 1127831, 6034857, 5568378, 1044078]"
1454,"[1082185, 1029743, 1040807, 1137775, 6034857]"
1457,"[1106523, 1022254, 899624, 5592931, 1044078]"
1458,"[1075368, 899624, 1004906, 1056509, 1044078]"
1459,"[1029743, 1004906, 1044078, 844179, 5569230]"
1461,"[1029743, 1070820, 1022254, 1068719, 1044078]"
1462,"[1022254, 1068719, 1062002, 1105488, 6602697]"
1463,"[1075368, 1004906, 1044078, 5569230, 8090537]"
1464,"[1029743, 1004906, 1137775, 1044078, 5568378]"
1465,"[12171656, 1105917, 1054539, 9655679, 8014645]"
1466,"[1029743, 1106523, 5569230, 916122, 1044078]"
1467,"[1029743, 1070820, 1026118, 1037840, 5568378]"
1470,"[1029743, 1126899, 1070820, 1019247, 899624]"
1471,"[1029743, 1106523, 1118306, 1070820, 1126899]"
1473,"[1126899, 1098844, 1098248, 5568729, 1104343]"
1474,"[1106523, 1040807, 1042544, 5568378, 1044078]"
1475,"[1126899, 1070820, 899624, 1004906, 844179]"
1476,"[1051516, 5568729, 9677366, 1092303, 1121393]"
1479,"[1029743, 1106523, 5568378, 1004906, 1100972]"
1480,"[1106523, 1029743, 1070820, 1126899, 1004906]"
1481,"[1029743, 1068719, 1004906, 1132771, 1044078]"
1483,"[1029743, 1106523, 1070820, 899624, 1044078]"
1484,"[1022254, 1004906, 6034857, 844179, 880150]"
1485,"[1106523, 1075368, 1040807, 1056509, 1102845]"
1487,"[1029743, 1051283, 951197, 899624, 8090440]"
1488,"[1029743, 1126899, 5568378, 5569327, 1132771]"
1489,"[1029743, 844179, 1068719, 1044078, 1004906]"
1490,"[5569230, 1070702, 863447, 8090521, 1068292]"
1491,"[1029743, 1106523, 944534, 1137775, 844179]"
1492,"[1105917, 1004906, 1122358, 1067606, 944534]"
1493,"[1106523, 1040807, 1132771, 7464370, 1097001]"
1494,"[1082185, 1029743, 1068719, 1044078, 899624]"
1495,"[1068719, 944534, 880150, 1081177, 1050851]"
1499,"[1137688, 1031087, 1067795, 1135834, 1046816]"
1500,"[12731544, 1137505, 1004906, 1046545, 12263692]"
1501,"[1029743, 1070820, 899624, 1004906, 1137775]"
1502,"[1070820, 1003257, 5569327, 6533936, 883003]"
1506,"[1106523, 1004906, 1044078, 1056509, 5569327]"
1507,"[13841744, 1029743, 1106523, 1126899, 1070820]"
1508,"[1126899, 1026118, 1051468, 1087102, 1138443]"
1509,"[1029743, 5578547, 964521, 1071342, 8090521]"
1510,"[1106523, 899624, 1004906, 1056509, 1101010]"
1511,"[1029743, 1106523, 1070820, 5568378, 1132771]"
1512,"[1029743, 1106523, 15596904, 7442180, 6463775]"
1513,"[1029743, 1129610, 1137346, 9707498, 1044078]"
1514,"[1126899, 1121393, 1004906, 1006184, 1027168]"
1515,"[1029743, 5568378, 1101010, 5569230, 1004906]"
1517,"[1070820, 899624, 1122358, 1040807, 1004906]"
1518,"[1082212, 1029743, 1036347, 1024319, 12262978]"
1519,"[1070820, 1098248, 1004906, 1132771, 944534]"
1520,"[1029743, 1056509, 1004906, 1087102, 5568729]"
1521,"[1029743, 1106523, 5569230, 916122, 1044078]"
1523,"[1029743, 1106523, 5569230, 916122, 1044078]"
1524,"[1126899, 1026118, 1055504, 6034857, 1087102]"
1525,"[1029743, 1068719, 899624, 1004906, 5568378]"
1526,"[1044078, 1098248, 844179, 1137775, 8090537]"
1527,"[1029743, 1106523, 1070820, 1068719, 899624]"
1528,"[1029743, 1106523, 1068719, 899624, 1004906]"
1529,"[1029743, 1106523, 1126899, 899624, 1004906]"
1530,"[1029743, 1106523, 1049372, 1051516, 1055504]"
1531,"[1075368, 1126899, 12731517, 1037332, 1137688]"
1532,"[1113164, 1029743, 1106523, 1126899, 1070820]"
1533,"[1029743, 1106523, 1098248, 1126899, 1070820]"
1534,"[1070820, 5568378, 5569230, 6034857, 944139]"
1535,"[1106523, 1029743, 1068719, 899624, 1044078]"
1536,"[1029743, 1126899, 899624, 1004906, 5568378]"
1537,"[1029743, 1106523, 1132771, 1042544, 12731432]"
1539,"[1029743, 1106523, 1126899, 1070820, 1005809]"
1540,"[1106523, 5568378, 5569327, 1100972, 6034857]"
1541,"[1029743, 1041796, 844179, 5568729, 1042438]"
1542,"[1106523, 1082212, 1056509, 899624, 1004906]"
1543,"[1029743, 899624, 1043494, 5569230, 8090440]"
1545,"[1106523, 1022254, 1068719, 1004906, 5569230]"
1546,"[1029743, 1106523, 1068719, 1132771, 1137775]"
1547,"[1009187, 13115501, 1016863, 6534077, 6464208]"
1548,"[1029743, 1126899, 1070820, 899624, 1044078]"
1549,"[1038985, 1106523, 1051516, 1122358, 1044078]"
1550,"[1029743, 1126899, 1106523, 1070820, 1004906]"
1552,"[1029743, 1106523, 1004906, 12731714, 9333734]"
1553,"[1029743, 1106523, 1126899, 1070820, 1044078]"
1555,"[1029743, 1075368, 1041796, 5568729, 1044078]"
1556,"[1068719, 899624, 1004906, 1044078, 844179]"
1557,"[1106523, 1068719, 1026118, 1098248, 899624]"
1558,"[1029743, 1075368, 1044078, 1006184, 1027168]"
1559,"[1106523, 1075368, 1026118, 5590613, 1112238]"
1560,"[1029743, 1022254, 1138443, 844179, 1104649]"
1563,"[1029743, 1126899, 1070820, 1055504, 1098844]"
1564,"[1029743, 1106523, 1091793, 1038462, 1070820]"
1566,"[1029743, 1022254, 1004906, 5568729, 1138443]"
1567,"[1082185, 1106523, 1051516, 1026118, 899624]"
1568,"[1106523, 1068719, 899624, 1056509, 5569230]"
1569,"[1029743, 1106523, 5569230, 916122, 1044078]"
1570,"[1029743, 1004906, 1044078, 5568729, 5569230]"
1571,"[1029743, 1106523, 1062128, 1121360, 1070820]"
1572,"[1126899, 5592931, 899624, 1005274, 1136524]"
1575,"[1070820, 1022254, 1068719, 1004906, 6034857]"
1576,"[1029743, 1106523, 1126899, 1070820, 1004906]"
1577,"[1029743, 899624, 1004906, 1056509, 5569327]"
1578,"[1029743, 1068719, 899624, 1044078, 1132771]"
1579,"[1029743, 1068719, 1004906, 1044078, 844179]"
1580,"[1029743, 1106523, 1044078, 1122358, 844179]"
1581,"[1029743, 1138443, 1009187, 1118046, 1110111]"
1584,"[1029743, 1106523, 1022254, 899624, 1004906]"
1585,"[1126899, 1101010, 844179, 1132771, 944534]"
1587,"[1029743, 899624, 917816, 1051211, 1097001]"
1588,"[1029743, 1026118, 1098248, 1004906, 6602697]"
1590,"[1029743, 1126899, 1070820, 1004906, 844179]"
1591,"[1029743, 1070820, 1022254, 1068719, 1026118]"
1592,"[1040807, 1108094, 1019643, 6533362, 10344585]"
1593,"[1029743, 1005274, 1136524, 1044078, 9884698]"
1594,"[1082185, 1106523, 1068719, 1022254, 1101010]"
1595,"[1100972, 1132771, 1137775, 1042544, 5568378]"
1596,"[1040807, 1004906, 1009187, 9296919, 5568729]"
1598,"[1106523, 1029743, 1068719, 899624, 1044078]"
1599,"[1106523, 1022254, 1068719, 1004906, 1044078]"
1600,"[1106523, 1029743, 1126899, 1042544, 1122358]"
1602,"[1029743, 1126899, 1070820, 1098844, 1055504]"
1604,"[1106523, 1029743, 1046957, 1051211, 1105301]"
1607,"[1055504, 5569230, 8090521, 5569471, 8090537]"
1608,"[1029743, 1106523, 5569230, 916122, 1044078]"
1609,"[1029743, 1070820, 1106523, 899624, 1004906]"
1611,"[1037840, 1029743, 1106523, 1126899, 1070820]"
1612,"[1029743, 1070820, 1126899, 1004906, 1132771]"
1614,"[1082185, 1029743, 1106523, 1055504, 6391076]"
1618,"[1070820, 1056509, 925862, 1138443, 5568729]"
1619,"[1075368, 1004906, 1041796, 6034857, 880150]"
1620,"[1106523, 1068719, 899624, 1044078, 844179]"
1621,"[1029743, 1106523, 899624, 1101010, 1004906]"
1622,"[1029743, 1022254, 1026118, 1062002, 5585510]"
1623,"[1106523, 1068719, 1044078, 1132771, 1137775]"
1624,"[1082185, 1026118, 1044078, 844179, 5569230]"
1627,"[1029743, 1070820, 1082185, 1068719, 6034857]"
1628,"[1029743, 1106523, 5569230, 916122, 1044078]"
1630,"[1106523, 1068719, 899624, 1004906, 1044078]"
1631,"[1029743, 1068719, 1044078, 844179, 5568378]"
1632,"[1070820, 6034857, 1138443, 1087102, 8090440]"
1633,"[1029743, 1068719, 899624, 1004906, 1056509]"
1634,"[1029743, 1070820, 1044078, 1004906, 5569327]"
1636,"[1029743, 1106523, 5569230, 916122, 1044078]"
1637,"[1014948, 1132911, 1029743, 1106523, 1126899]"
1638,"[1106523, 1029743, 1126899, 1067606, 1138443]"
1640,"[1106523, 1075368, 1040807, 1101010, 5568378]"
1641,"[1029743, 1106523, 5569230, 916122, 1044078]"
1642,"[1029743, 1106523, 1070820, 1026118, 1055504]"
1643,"[1029743, 1106523, 1055504, 899624, 5568378]"
1644,"[1029743, 1106523, 5569230, 916122, 1044078]"
1645,"[1029743, 1106523, 5569230, 916122, 1044078]"
1646,"[1029743, 1106523, 5569230, 916122, 1044078]"
1647,"[1029743, 1106523, 1126899, 1070820, 887503]"
1648,"[1106523, 1044078, 844179, 5569230, 1122358]"
1649,"[6391381, 6602729, 13876912, 1011926, 951071]"
1650,"[1051516, 6034857, 6602729, 6602697, 1009187]"
1651,"[1104343, 1051468, 6034857, 1092303, 1117514]"
1652,"[1034176, 1004436, 1132771, 13115501, 883003]"
1653,"[1029743, 899624, 1044078, 1127831, 1081177]"
1654,"[1029743, 1106523, 1070820, 1126899, 1034955]"
1657,"[1116635, 1029743, 1106523, 1101010, 1070820]"
1658,"[1068719, 880150, 1137775, 1044078, 6034857]"
1659,"[1029743, 1126899, 1106523, 6034857, 1105488]"
1660,"[1029743, 1106523, 1044078, 880150, 6602697]"
1662,"[1126899, 1070820, 1026118, 1098844, 6034857]"
1663,"[1029743, 1106523, 10198402, 8292955, 1092118]"
1664,"[1068719, 1041796, 5569327, 1044078, 12301100]"
1665,"[1106523, 1029743, 12946027, 6602697, 6034857]"
1666,"[12731714, 1029743, 1122358, 1062863, 1004390]"
1668,"[1106523, 1068719, 1013895, 1087102, 1048373]"
1669,"[1116741, 1029743, 1106523, 1078652, 1013531]"
1672,"[1029743, 1106523, 5592931, 1019247, 5569230]"
1673,"[1029743, 1106523, 899624, 1004906, 1056509]"
1676,"[1029743, 1126899, 1098844, 1004906, 5569471]"
1677,"[1029743, 1106523, 899624, 1004906, 5568378]"
1680,"[1126899, 1004906, 1104343, 5568378, 5569327]"
1683,"[1070820, 1104343, 1009187, 1041796, 1100972]"
1684,"[1106523, 1037840, 899624, 1042544, 5568378]"
1685,"[1029743, 1106523, 1005274, 1104647, 1049735]"
1686,"[1029743, 1106523, 13842104, 1017325, 1004001]"
1687,"[1126899, 899624, 1055504, 1137775, 6034857]"
1688,"[1029743, 1106523, 5569230, 916122, 1044078]"
1689,"[1029743, 899624, 1004906, 1044078, 844179]"
1690,"[1106523, 1087102, 5568378, 5569327, 844179]"
1692,"[1029743, 1106523, 1040807, 1101010, 880150]"
1693,"[1106523, 1126899, 899624, 1004906, 12988031]"
1694,"[1106523, 844179, 1044078, 1004906, 5568378]"
1695,"[1029743, 1126899, 1106523, 1070820, 1125391]"
1696,"[1029743, 1070820, 1068719, 1138443, 1132771]"
1697,"[1029743, 1122358, 1044078, 12648296, 1050851]"
1698,"[1029743, 1040807, 1132771, 1100972, 12731432]"
1699,"[1106523, 993638, 6034857, 5568378, 5569327]"
1700,"[5568378, 12301100, 1044078, 8090537, 844179]"
1701,"[1029743, 1106523, 5569230, 916122, 1044078]"
1703,"[1106523, 1068719, 1044078, 899624, 1004906]"
1704,"[1028715, 1029743, 1106523, 9297055, 1070820]"
1705,"[1004906, 6602697, 5568378, 1124695, 6602729]"
1706,"[1029743, 1106523, 1126899, 1070820, 1044078]"
1707,"[1029743, 5569230, 1008032, 1097001, 1050851]"
1708,"[1029743, 1022254, 1068719, 899624, 1004906]"
1709,"[1029743, 1106523, 899624, 6034857, 8090440]"
1710,"[1029743, 1070820, 1126899, 1106523, 1022254]"
1712,"[1029743, 1008032, 1132771, 1137775, 1126899]"
1713,"[13841744, 1051718, 1082627, 8090440, 10455579]"
1715,"[1051516, 6602729, 1098248, 1055504, 1098844]"
1716,"[5592931, 1004906, 1044078, 5568729, 12648296]"
1717,"[1029743, 1068719, 1098248, 899624, 10344585]"
1718,"[1029743, 1139782, 12171414, 1070820, 1004906]"
1719,"[1029743, 1106523, 1070820, 1138443, 880150]"
1720,"[1029743, 1070820, 1056509, 844179, 1137775]"
1721,"[1029743, 1106523, 1105917, 7142937, 1136341]"
1722,"[1106523, 1126899, 899624, 1044078, 844179]"
1723,"[1022254, 1040807, 1098844, 1104343, 1004906]"
1724,"[1106523, 1126899, 1104343, 1087102, 6034857]"
1726,"[1029743, 1126899, 1055504, 6034857, 5569230]"
1728,"[1029743, 1004906, 5568729, 9296919, 8020234]"
1729,"[1029743, 1106523, 899624, 5569327, 1104343]"
1730,"[5591939, 1029743, 1106523, 1108168, 1044078]"
1731,"[1106523, 1126899, 1068719, 12302069, 8090521]"
1732,"[1029743, 1106523, 1004906, 1138443, 1137775]"
1733,"[6904613, 1043787, 1106523, 1029743, 1025611]"
1734,"[1029743, 1106523, 1126899, 1070820, 1026118]"
1735,"[1075368, 1068719, 1004906, 1044078, 5568729]"
1737,"[1029743, 1106523, 1126899, 1070820, 899624]"
1738,"[1037840, 1040807, 8090440, 1044078, 5569471]"
1739,"[1106523, 13841744, 1042544, 1087102, 1001475]"
1740,"[1106523, 1127831, 1022254, 1075368, 6034857]"
1742,"[1044078, 12301109, 880150, 844179, 1072523]"
1743,"[1106523, 1004906, 5569230, 5592610, 6463775]"
1745,"[1106523, 1004906, 1106271, 999779, 1038663]"
1747,"[1106523, 899624, 1056509, 1122358, 6034857]"
1748,"[1082185, 1126899, 1106523, 899624, 1044078]"
1749,"[1029743, 1135834, 1131488, 1078652, 1121384]"
1750,"[1029743, 1106523, 5569230, 916122, 1044078]"
1751,"[1029743, 1070820, 1004906, 5569327, 1138443]"
1752,"[1106523, 1068719, 899624, 1004906, 1044078]"
1753,"[1106523, 1068719, 1004906, 12648296, 1044078]"
1754,"[1029743, 1044078, 1132771, 5569230, 12302069]"
1755,"[12171656, 1087785, 1022428, 824305, 1112238]"
1756,"[1029743, 1106523, 5569230, 916122, 1044078]"
1758,"[1029743, 1126899, 1040807, 899624, 1132771]"
1759,"[1029743, 1126899, 1070820, 1068719, 1040807]"
1760,"[1082185, 1029743, 1106523, 1070820, 1126899]"
1761,"[1132771, 1137775, 1044078, 844179, 1042544]"
1762,"[1029743, 1126899, 1068719, 1056509, 1044078]"
1763,"[1106523, 1082185, 1075368, 1037840, 863447]"
1764,"[1126899, 1004906, 1044078, 844179, 1050851]"
1765,"[1029743, 1070820, 899624, 1004906, 844179]"
1766,"[1106523, 1029743, 1070820, 1126899, 883003]"
1767,"[1106523, 1029743, 1068719, 899624, 1004906]"
1768,"[1022254, 899624, 1003616, 12946027, 5569327]"
1769,"[1029743, 1022254, 899624, 1004906, 844179]"
1770,"[1029743, 1022254, 1055504, 5568378, 5568729]"
1773,"[1070820, 1056509, 1122358, 1117514, 5568729]"
1774,"[1029743, 1106523, 1068719, 1044078, 899624]"
1775,"[1082185, 1126899, 1098844, 1137775, 5568378]"
1776,"[1029743, 1126899, 1070820, 5592931, 1026118]"
1778,"[1029743, 1022254, 1068719, 899624, 1004906]"
1779,"[1070820, 1022254, 844179, 1004906, 1044078]"
1780,"[1106523, 5592931, 5568378, 1044078, 999779]"
1781,"[1029743, 1106523, 1037840, 1004906, 1009187]"
1783,"[1029743, 1126899, 6034857, 1132771, 1122358]"
1784,"[1126899, 1051516, 1098248, 899624, 1038985]"
1785,"[1126899, 1070820, 1055504, 1116741, 1087102]"
1787,"[1029743, 1106523, 5569230, 916122, 1044078]"
1788,"[1029743, 1106523, 1026118, 6034857, 1081177]"
1789,"[1029743, 1106523, 6772833, 1070820, 1126899]"
1790,"[1029743, 1082185, 1040807, 899624, 1004906]"
1791,"[899624, 6034857, 1044078, 8090440, 844179]"
1792,"[1106523, 1075368, 1101010, 1004906, 1087102]"
1793,"[1029743, 1106523, 5569230, 916122, 1044078]"
1794,"[1029743, 1106523, 1056509, 5568378, 1044078]"
1795,"[1070820, 1068719, 899624, 1004906, 1044078]"
1796,"[1029743, 1106523, 12988031, 5568378, 1059902]"
1797,"[1022254, 1004906, 844179, 1100972, 944534]"
1798,"[1029743, 1106523, 1026118, 6034857, 880150]"
1800,"[1126899, 1070820, 1022254, 1004906, 8014645]"
1801,"[1116635, 1029743, 1106523, 12987976, 12988031]"
1802,"[1131488, 1027168, 1100972, 1051211, 1127831]"
1803,"[1029743, 1022254, 1068719, 899624, 1056509]"
1804,"[1029743, 1004906, 844179, 1138443, 8065410]"
1805,"[1054402, 1065017, 6551861, 1029743, 1106523]"
1806,"[1029743, 1126899, 1004906, 5568378, 1137775]"
1807,"[1126899, 1044078, 844179, 5568378, 12301109]"
1808,"[1029743, 12171656, 13841744, 1037840, 993638]"
1809,"[1029743, 1082185, 1055504, 1036347, 12988031]"
1810,"[1029743, 1026118, 1138443, 944139, 1081177]"
1811,"[1029743, 1106523, 1126899, 1070820, 1004906]"
1812,"[880150, 1025611, 1101175, 6463729, 1037863]"
1814,"[1029743, 1037840, 899624, 1004906, 880150]"
1815,"[1029743, 899624, 1004906, 1132771, 5568378]"
1816,"[1029743, 1070820, 1043787, 1056509, 5568378]"
1817,"[1004390, 1005274, 12731544, 925862, 1100972]"
1818,"[1029743, 1106523, 1126899, 1070820, 899624]"
1821,"[1106523, 899624, 1004906, 5568378, 844179]"
1822,"[1029743, 1106523, 1068719, 1022254, 1004906]"
1823,"[1070820, 899624, 1004906, 6034857, 1044078]"
1824,"[1106523, 899624, 1132771, 880150, 6034857]"
1826,"[1029743, 1106523, 5592931, 1044078, 5568729]"
1829,"[1029743, 1022254, 1098844, 1055504, 6034857]"
1831,"[1082185, 844179, 1081177, 8090537, 1105488]"
1832,"[1106523, 1029743, 1138677, 1137775, 1044078]"
1833,"[1029743, 1106523, 1126899, 899624, 1004906]"
1835,"[1029743, 1106523, 1068719, 5568729, 1138443]"
1836,"[1126899, 1055504, 6034857, 1127328, 9527159]"
1837,"[1029743, 6034857, 5569471, 5569230, 8090521]"
1838,"[1106523, 1056509, 899624, 1029688, 1065538]"
1839,"[1106523, 1098844, 1082212, 1004906, 824305]"
1841,"[1029743, 1106523, 1022254, 1026118, 1004906]"
1843,"[1038985, 1029743, 1106523, 6039592, 1070820]"
1844,"[1043787, 1055504, 6034857, 9673266, 9673830]"
1845,"[1126899, 1068719, 1127831, 1044078, 1132771]"
1846,"[1029743, 1106523, 1116635, 899624, 1056267]"
1847,"[1029743, 1070820, 12731432, 1068719, 5568729]"
1848,"[1132771, 5568729, 8090521, 1027168, 8090532]"
1849,"[1029743, 1070820, 1044078, 1056509, 9884698]"
1850,"[1070820, 1004906, 6034857, 1087102, 844179]"
1853,"[1029743, 1004436, 1048373, 1021116, 1106523]"
1854,"[1068719, 12988031, 1098844, 899624, 1055504]"
1856,"[1029743, 1070820, 1068719, 1004906, 1044078]"
1857,"[1029743, 1037840, 1040807, 1138443, 1059902]"
1858,"[1126899, 1026118, 1004906, 880150, 1062002]"
1861,"[1029743, 1068719, 1004906, 1044078, 5568378]"
1862,"[1092303, 1004906, 6034857, 925862, 12731436]"
1864,"[1022254, 1068719, 1127831, 6034857, 844179]"
1865,"[1029743, 1070820, 1081177, 5569230, 1115175]"
1867,"[1029743, 1106523, 1126899, 1070820, 1076842]"
1868,"[1029743, 1106523, 5569230, 916122, 1044078]"
1869,"[1126899, 1070820, 899624, 1004906, 1044078]"
1871,"[1029743, 1106523, 12188446, 12731436, 1126899]"
1872,"[1055504, 5568729, 1002771, 7025202, 5569471]"
1873,"[1029743, 1106523, 1101010, 1040807, 1004906]"
1876,"[1029743, 1106523, 5569230, 916122, 1044078]"
1877,"[1029743, 1122358, 1004906, 8090440, 8090521]"
1879,"[1082185, 1135834, 1040807, 1101010, 1008032]"
1880,"[1029743, 1106523, 1126899, 1070820, 5570398]"
1881,"[1101010, 1137775, 5569327, 1138443, 12648296]"
1882,"[1029743, 1106523, 1075368, 1126899, 1070820]"
1883,"[1029743, 1106523, 1075368, 1101010, 899624]"
1884,"[1029743, 1106523, 1135195, 1092118, 1093413]"
1885,"[1029743, 1106523, 1070820, 1126899, 6534035]"
1886,"[1029743, 1106523, 5569230, 916122, 1044078]"
1887,"[1126899, 1070820, 1004906, 1004001, 9297615]"
1889,"[1029743, 1106523, 5569230, 916122, 1044078]"
1890,"[1126899, 1026118, 1055504, 1045586, 1003616]"
1891,"[1082185, 6602697, 1067795, 1006184, 7025202]"
1892,"[1106523, 1068719, 899624, 1004906, 1044078]"
1895,"[1008032, 1106523, 1029743, 1129049, 1070820]"
1896,"[1029743, 1082185, 1075368, 1040807, 1022254]"
1898,"[1106523, 1029743, 1125391, 1126899, 1070820]"
1899,"[1029743, 1106523, 1070820, 899624, 1004906]"
1900,"[1070820, 1068719, 1004906, 6034857, 5568729]"
1901,"[1029743, 1106523, 1126899, 1068719, 899624]"
1903,"[1106523, 1124695, 1101010, 1056005, 1102845]"
1904,"[1137775, 1029743, 1106523, 5566472, 1070820]"
1906,"[899624, 1004906, 844179, 6034857, 5569327]"
1907,"[1029743, 1022254, 899624, 1026118, 1075368]"
1909,"[1029743, 1068719, 5588161, 1017195, 1000753]"
1911,"[1070820, 1004906, 5568378, 1044078, 1117514]"
1912,"[1029743, 1106523, 1044078, 844179, 12302069]"
1914,"[1003257, 1043787, 1022254, 1051516, 6034857]"
1916,"[1106523, 1068719, 1004906, 12301100, 1050851]"
1917,"[1029743, 1106523, 899624, 1040807, 1004906]"
1918,"[1029743, 1051283, 1104343, 1087102, 1069312]"
1919,"[1106523, 1004906, 1122358, 844179, 880150]"
1920,"[1029743, 1137688, 1070820, 1001827, 1019643]"
1922,"[1126899, 1070820, 1055504, 1002771, 1087102]"
1923,"[1098844, 6034857, 5568729, 1019643, 1055425]"
1924,"[1029743, 1106523, 5568378, 1004906, 1132771]"
1925,"[1029743, 1106523, 1075368, 1098248, 1043663]"
1926,"[1068719, 1026118, 5592931, 844179, 1062002]"
1927,"[1029743, 1106523, 1022254, 1044078, 5568378]"
1928,"[1070820, 5569230, 6533936, 852856, 1085357]"
1929,"[1106523, 1068719, 899624, 1004906, 1056509]"
1930,"[1029743, 1106523, 1075368, 1004906, 1122358]"
1931,"[1106523, 1068719, 1122358, 944534, 844179]"
1932,"[1029743, 1106523, 5569230, 916122, 1044078]"
1935,"[1126899, 1022254, 1044078, 1137775, 844179]"
1936,"[1029743, 1068719, 1075368, 899624, 1056509]"
1937,"[1070820, 1068719, 899624, 1004906, 1040807]"
1939,"[1068719, 1075368, 899624, 1004906, 1132771]"
1940,"[1026118, 1004906, 6034857, 12946027, 824305]"
1941,"[1029743, 1106523, 1037840, 5592931, 1044078]"
1942,"[6391381, 1004906, 5569230, 5585510, 5569471]"
1943,"[1029743, 1106523, 1075368, 1044078, 1122358]"
1944,"[1029743, 1106523, 1070820, 1022254, 1098844]"
1945,"[1029743, 1051211, 1084694, 8205418, 1042438]"
1946,"[1029743, 1082185, 1070820, 6602697, 5569230]"
1947,"[1126899, 1068719, 5568378, 1004906, 6034857]"
1948,"[1126899, 6602590, 5592931, 1137688, 1091865]"
1949,"[1106523, 899624, 1004906, 1044078, 944534]"
1950,"[1106523, 1029743, 1126899, 1070820, 899624]"
1951,"[1029743, 1106523, 1000856, 1126899, 1070820]"
1952,"[1029743, 1106523, 1070820, 1126899, 1050741]"
1953,"[1026118, 1004906, 1044078, 6034857, 1038663]"
1954,"[1106523, 1026118, 5592931, 899624, 1004906]"
1955,"[1082185, 1106523, 1004906, 1100972, 1050851]"
1956,"[1126899, 1054567, 925862, 5569471, 844179]"
1957,"[1029743, 1040807, 1068719, 944139, 5568378]"
1958,"[1026118, 1040807, 1055504, 899624, 1063577]"
1959,"[1029743, 1106523, 5569230, 916122, 1044078]"
1960,"[1070820, 1137775, 1044078, 944534, 844179]"
1961,"[1106523, 1126899, 1101010, 5587656, 9655676]"
1962,"[1068719, 1040807, 5592931, 1056509, 1104343]"
1963,"[1137775, 6034857, 1006184, 878715, 951197]"
1964,"[1002771, 880150, 944534, 1021116, 944139]"
1965,"[1029743, 1126899, 1106523, 899624, 1138443]"
1966,"[1070820, 1075368, 1004906, 1026118, 6034857]"
1967,"[1029743, 1106523, 1070820, 5592931, 13190349]"
1968,"[1029743, 1068719, 1122358, 1137775, 1005274]"
1969,"[1029743, 1044078, 8090521, 8090537, 1081177]"
1970,"[1029743, 1106523, 880150, 1044078, 1129049]"
1971,"[1029743, 1126899, 1070820, 899624, 1004906]"
1975,"[1029743, 1068719, 1132771, 1101010, 5568729]"
1976,"[1106523, 1075368, 1044078, 1042544, 12301100]"
1978,"[1029743, 1126899, 1082212, 1137775, 1003649]"
1979,"[1029743, 1106523, 1026118, 1098844, 1121694]"
1981,"[1126899, 1070820, 1082212, 1122358, 1067606]"
1982,"[1082185, 1126899, 883003, 1070845, 1046957]"
1983,"[1029743, 1015386, 9296919, 1132178, 1092118]"
1985,"[1106523, 1004906, 844179, 6034857, 5569230]"
1987,"[1029743, 1126899, 1106523, 1070820, 899624]"
1988,"[1106523, 899624, 1004906, 1044078, 6034857]"
1989,"[1056509, 880150, 944139, 1105488, 5569230]"
1990,"[1029743, 1126899, 1106523, 1004906, 6034857]"
1991,"[1128163, 1029743, 1106523, 1070820, 1126899]"
1992,"[1029743, 1106523, 1018818, 9296919, 1115576]"
1993,"[1043787, 1004906, 1132771, 880150, 1087102]"
1994,"[1070820, 1029688, 1124695, 1081533, 1051211]"
1995,"[1029743, 1106523, 844179, 1138443, 5569230]"
1996,"[1126899, 1055504, 1068719, 1104343, 1041796]"
1997,"[1126899, 1055504, 1041796, 1004906, 6034857]"
1998,"[1106523, 1068719, 5592931, 1006483, 5568378]"
1999,"[1029743, 1106523, 1126899, 1070820, 1072086]"
2000,"[1029743, 1106523, 1068719, 9655696, 1009719]"
2001,"[1029743, 1106523, 1126899, 1070820, 1004906]"
2003,"[12171656, 6602729, 5568378, 10344585, 1062128]"
2004,"[1029743, 1126899, 1004906, 1040807, 844179]"
2005,"[1029743, 1068719, 13841744, 1137775, 1122358]"
2006,"[1029743, 1070820, 1041796, 6034857, 844179]"
2007,"[1106523, 1098844, 899624, 1004906, 1087102]"
2008,"[1106523, 1126899, 1040807, 1132771, 880150]"
2010,"[1029743, 1106523, 5569230, 916122, 1044078]"
2011,"[1011427, 951071, 1118046, 1019942, 1074333]"
2012,"[1106523, 1029743, 899624, 1044078, 844179]"
2014,"[1029743, 1106523, 1022254, 5592931, 1004906]"
2015,"[1126899, 1029743, 1068719, 899624, 1137775]"
2016,"[1029743, 1106523, 5569230, 916122, 1044078]"
2017,"[1070820, 1126899, 1068719, 899624, 1004906]"
2018,"[1082185, 1029743, 1106523, 1004906, 1044078]"
2019,"[1029743, 1106523, 1068719, 899624, 1044078]"
2020,"[1029743, 1106523, 1068719, 899624, 1004906]"
2021,"[1004906, 1026984, 1044078, 844179, 1104649]"
2022,"[1082185, 1029743, 1126899, 1070820, 1098844]"
2023,"[10344585, 5569374, 1074333, 1105488, 1000237]"
2025,"[1029743, 5566472, 1128244, 1121603, 1121384]"
2026,"[1029743, 1106523, 5569230, 916122, 1044078]"
2027,"[1029743, 1106523, 1004906, 1041796, 5568378]"
2028,"[1029743, 5568378, 5569327, 878715, 12648296]"
2029,"[1029743, 5568378, 844179, 13190524, 1081177]"
2030,"[1029743, 899624, 1056509, 1132771, 1137775]"
2031,"[1029743, 1106523, 5569230, 916122, 1044078]"
2032,"[1029743, 1106523, 5569230, 916122, 1044078]"
2033,"[1029743, 1068719, 1127758, 1002771, 5568721]"
2034,"[1106523, 1126899, 1004906, 1098248, 1122358]"
2036,"[1029743, 1126899, 1122358, 1055504, 6034857]"
2037,"[1029743, 1068719, 1005274, 1044078, 13512017]"
2038,"[1029743, 1082212, 9333734, 1068719, 1108094]"
2039,"[1029743, 1106523, 5569230, 916122, 1044078]"
2040,"[1029743, 1106523, 1126899, 1043663, 1138443]"
2041,"[1026118, 1004906, 844179, 1044078, 1132771]"
2042,"[1029743, 1106523, 5569230, 916122, 1044078]"
2043,"[1040807, 1101010, 1044078, 5569327, 844179]"
2046,"[1029743, 1106523, 1063577, 1070820, 1043187]"
2047,"[1029743, 1106523, 1126899, 1056509, 1004906]"
2048,"[1106523, 1075368, 883003, 944534, 863447]"
2049,"[1029743, 1106523, 1126899, 1070820, 1004906]"
2050,"[899624, 1004906, 1038663, 999779, 1025611]"
2055,"[1051516, 1004906, 1104343, 1051468, 1009187]"
2056,"[1029743, 1106523, 1068719, 899624, 1004906]"
2057,"[1070820, 1101010, 899624, 1009187, 844179]"
2058,"[1022254, 1075368, 6034857, 1004906, 5568378]"
2059,"[1029743, 1106523, 5569230, 916122, 1044078]"
2060,"[1029743, 1036347, 993638, 6514085, 6534077]"
2062,"[1106523, 1029743, 1022254, 899624, 1004906]"
2063,"[1022254, 1004906, 6034857, 1087102, 5569230]"
2064,"[1029743, 1075368, 1004906, 1137775, 5568729]"
2065,"[1029743, 1068719, 1004906, 1044078, 844179]"
2068,"[1070820, 1004906, 6034857, 880150, 844179]"
2070,"[1029743, 1126899, 1106523, 1056509, 1044078]"
2071,"[1029743, 1068719, 899624, 1004906, 5569327]"
2072,"[1029743, 1106523, 5569230, 916122, 1044078]"
2075,"[1029743, 899624, 1004906, 1044078, 1122358]"
2076,"[1106523, 1098844, 1055504, 1101010, 1137775]"
2077,"[1106523, 1056509, 6391381, 10457590, 1137775]"
2079,"[1029743, 1106523, 899624, 1004906, 1044078]"
2080,"[1029743, 1106523, 1068719, 899624, 1004906]"
2081,"[1029743, 1106523, 5569230, 916122, 1044078]"
2082,"[1029743, 1068719, 899624, 1004906, 5569230]"
2083,"[1070820, 899624, 1004906, 1055504, 844179]"
2084,"[6034857, 1138443, 880150, 1008032, 1044078]"
2085,"[1029743, 1070820, 1126899, 1068719, 899624]"
2086,"[1029743, 1068719, 1026118, 1004906, 844179]"
2087,"[1029743, 1075368, 899624, 1056509, 1004906]"
2088,"[1029743, 899624, 1044078, 844179, 5569230]"
2089,"[1029743, 1106523, 1102829, 1126899, 1070820]"
2090,"[6602697, 1075786, 14106445, 12301100, 9676923]"
2091,"[1029743, 1106523, 5569230, 916122, 1044078]"
2094,"[1082185, 1070820, 1068719, 944534, 880150]"
2095,"[1106523, 1068719, 1044078, 1004906, 5569327]"
2099,"[1029743, 1106523, 5569230, 916122, 1044078]"
2100,"[1106523, 1101010, 1044078, 844179, 944534]"
2101,"[1029743, 883003, 1106523, 1126899, 1070820]"
2102,"[5592931, 1135834, 844179, 1123022, 12301109]"
2103,"[1029743, 1106523, 5569230, 916122, 1044078]"
2105,"[1029743, 1106523, 5569230, 916122, 1044078]"
2108,"[1029743, 1106523, 1040807, 899624, 1122358]"
2109,"[1106523, 1022254, 1004906, 1041796, 925862]"
2110,"[1029743, 1106523, 1022254, 1127831, 899624]"
2111,"[6533368, 1051516, 12731432, 1051323, 6533362]"
2112,"[1029743, 1126899, 1056509, 844179, 6034857]"
2114,"[1126899, 1056509, 6034857, 12731714, 1122358]"
2115,"[1029743, 1070820, 1068719, 1004906, 1044078]"
2116,"[1029743, 1070820, 1106523, 1068719, 899624]"
2119,"[1029743, 12731432, 1027168, 7025202, 9296919]"
2120,"[1029743, 1126899, 1106523, 1070820, 899624]"
2121,"[1026118, 6034857, 944534, 844179, 5568729]"
2122,"[1029743, 1106523, 1006184, 1126899, 1070820]"
2123,"[1029743, 1068719, 5569230, 1056509, 899624]"
2124,"[1029743, 1126899, 1106523, 1022254, 1004906]"
2125,"[1029743, 1068719, 1004906, 1137775, 5569230]"
2126,"[1026118, 1122358, 6034857, 880150, 8090440]"
2129,"[1029743, 1070820, 1068719, 1004906, 6034857]"
2130,"[1106523, 1068719, 899624, 1044078, 1137775]"
2131,"[1029743, 1004906, 1026118, 5569230, 1138443]"
2132,"[1029743, 1106523, 1132911, 1070820, 1126899]"
2133,"[1126899, 1132771, 1137775, 880150, 5569230]"
2134,"[1106523, 899624, 1004906, 1044078, 844179]"
2135,"[1042571, 1029743, 1040807, 6391381, 6391076]"
2136,"[6602729, 1047769, 899624, 951071, 1087102]"
2137,"[1029743, 1022254, 1068719, 5592931, 5585510]"
2138,"[1029743, 1075368, 1056509, 5568378, 1105917]"
2139,"[1029743, 1070820, 1068719, 5568378, 1132771]"
2141,"[1106523, 1070820, 899624, 5569327, 1138443]"
2142,"[1106523, 1029743, 899624, 5568378, 1004906]"
2145,"[1029743, 1106523, 5569230, 916122, 1044078]"
2146,"[1029743, 1106523, 1100972, 925862, 1016276]"
2147,"[1106523, 1068719, 899624, 1004906, 6034857]"
2148,"[1106523, 1068719, 1101010, 1044078, 5568378]"
2149,"[1106523, 1082185, 1098844, 880150, 1059902]"
2151,"[1029743, 1106523, 1126899, 1070820, 9677424]"
2153,"[13841744, 1029743, 5592931, 1004906, 1021116]"
2154,"[1106523, 1101010, 12946027, 1127758, 1027168]"
2155,"[1029743, 1106523, 5569230, 916122, 1044078]"
2156,"[1029743, 1022254, 5568378, 1044078, 844179]"
2158,"[1055504, 6034857, 1137775, 880150, 1044078]"
2159,"[1106523, 5592931, 1004906, 925862, 999779]"
2160,"[1029743, 1106523, 1027090, 12262830, 12262778]"
2161,"[1126899, 880150, 1137775, 1087102, 5568378]"
2162,"[1029743, 1106523, 1075368, 1037840, 1004906]"
2163,"[1016274, 1029743, 1106523, 9338009, 1070820]"
2167,"[1029743, 1106523, 5569230, 916122, 1044078]"
2168,"[1029743, 1044078, 1004906, 844179, 5568378]"
2169,"[1118046, 1063577, 1126899, 1119761, 1047619]"
2170,"[1029743, 1106523, 1126899, 1068719, 1004906]"
2171,"[883003, 1100972, 1087102, 1138443, 1062128]"
2172,"[1029743, 1070820, 1138443, 6034857, 1115576]"
2173,"[1106523, 13841744, 899624, 1132771, 1087102]"
2174,"[1106523, 1029743, 1075368, 1126899, 1070820]"
2175,"[1029743, 1106523, 5569230, 916122, 1044078]"
2176,"[1029743, 1106523, 5569230, 916122, 1044078]"
2179,"[1106523, 1068719, 1019247, 1132771, 12731714]"
2181,"[1029743, 1126899, 1106523, 1070820, 1068719]"
2182,"[1029743, 1106523, 1004906, 1044078, 844179]"
2183,"[1029743, 1022254, 1098844, 1122358, 6034857]"
2184,"[1106523, 1022254, 1056509, 1004906, 6034857]"
2185,"[1068719, 1040807, 1100972, 12988031, 8090521]"
2186,"[1106523, 1068719, 1044078, 844179, 899624]"
2188,"[1106523, 1101010, 1040807, 1132771, 1137775]"
2189,"[1082185, 1029743, 1106523, 1065979, 12523928]"
2190,"[1106523, 1044078, 5568378, 844179, 5569230]"
2193,"[1070820, 1004906, 5568729, 844179, 880150]"
2194,"[1126899, 1040807, 1087102, 1138443, 1044078]"
2195,"[1126899, 1055504, 1005274, 824305, 12171765]"
2196,"[1029743, 1055504, 1022254, 1098248, 12731432]"
2197,"[1029743, 1106523, 1021324, 1126899, 1070820]"
2198,"[1022254, 1075368, 1056509, 1040807, 1137775]"
2199,"[1029743, 1070820, 1126899, 1101010, 944534]"
2200,"[1106523, 899624, 1004906, 1044078, 844179]"
2202,"[1029743, 1121694, 1106523, 1025399, 1081177]"
2203,"[1029743, 1126899, 1070820, 1022254, 1137775]"
2204,"[1029743, 1106523, 1004906, 1044078, 844179]"
2205,"[1029743, 1098844, 1028891, 1050851, 993638]"
2206,"[1029743, 1106523, 1070820, 1126899, 1025581]"
2207,"[1029743, 1106523, 1070820, 1026118, 1004906]"
2208,"[1106523, 899624, 1004906, 1044078, 844179]"
2209,"[1029743, 1070820, 1098844, 1026118, 1004906]"
2211,"[1126899, 1070820, 1132814, 6533936, 1060408]"
2212,"[1029743, 1106523, 5569230, 916122, 1044078]"
2213,"[1029743, 1106523, 1126899, 1022254, 1026118]"
2214,"[1082212, 1029743, 1106523, 14111400, 1070820]"
2215,"[1106523, 1068719, 1004906, 6034857, 880150]"
2217,"[1029743, 1070820, 1022254, 1004906, 1044078]"
2221,"[1126899, 824305, 7464370, 1102845, 844179]"
2222,"[1029743, 1075368, 1068719, 1101010, 1004906]"
2223,"[1029743, 1106523, 1044078, 5568729, 13910163]"
2224,"[1029743, 1070820, 1131488, 1044078, 1005274]"
2225,"[1126899, 1070820, 6602729, 5568729, 5569471]"
2226,"[1106523, 1126899, 1004906, 1056509, 6034857]"
2228,"[1029743, 1106523, 5569230, 916122, 1044078]"
2229,"[1070820, 1121393, 1004906, 6034857, 1019643]"
2231,"[1126899, 1070820, 1055504, 1122358, 1009187]"
2233,"[1026118, 1098844, 6034857, 880150, 1127831]"
2234,"[1056509, 1044078, 844179, 6034857, 5568729]"
2235,"[1068719, 1004906, 880150, 1138443, 925862]"
2237,"[1126899, 1004906, 844179, 5569230, 5569327]"
2238,"[1029743, 1101010, 1044078, 1056509, 880150]"
2239,"[1029743, 1004906, 880150, 1044078, 6034857]"
2240,"[1029743, 1106523, 1068719, 899624, 1004906]"
2241,"[1029743, 1106523, 1004906, 1122358, 1044078]"
2243,"[1029743, 899624, 1004906, 1044078, 5568378]"
2244,"[1029743, 1106523, 1068719, 1004906, 1044078]"
2245,"[1106523, 1022254, 1068719, 1004906, 6034857]"
2247,"[1106523, 1022254, 899624, 1044078, 1100972]"
2248,"[1106523, 1091520, 1004906, 917816, 7025202]"
2250,"[1029743, 1101010, 899624, 1137775, 844179]"
2252,"[1029743, 1106523, 1004906, 1056509, 1044078]"
2253,"[1029743, 1106523, 1138292, 1070820, 1126899]"
2256,"[1106523, 1029743, 12171765, 1044078, 5569230]"
2257,"[1029743, 1106523, 1106116, 1116376, 1104349]"
2258,"[1029743, 1082212, 1126899, 1137505, 1132771]"
2259,"[1029743, 1106523, 5569230, 916122, 1044078]"
2260,"[1029743, 1075368, 899624, 1004906, 1040807]"
2261,"[1070820, 1106523, 1068719, 899624, 1004906]"
2262,"[1019247, 1122358, 5590695, 5591103, 5981267]"
2263,"[1029743, 1106523, 1022254, 1004906, 1044078]"
2264,"[1126899, 1127831, 1022254, 1068719, 6034857]"
2266,"[1068719, 1026118, 6034857, 899624, 1004906]"
2267,"[1126899, 1098844, 6602729, 5569230, 1082454]"
2269,"[1029743, 899624, 1056509, 1004906, 6034857]"
2270,"[1068719, 1004906, 1044078, 844179, 1098844]"
2271,"[1029743, 1106523, 5569230, 916122, 1044078]"
2272,"[1029743, 1045586, 1040807, 1104343, 1019643]"
2273,"[1029743, 880150, 6602729, 6602697, 1009187]"
2274,"[1029743, 1106523, 1004906, 1044078, 844179]"
2275,"[1055504, 899624, 1004906, 1044078, 844179]"
2276,"[1138443, 5565925, 6034857, 1063577, 12946027]"
2277,"[1106523, 1068719, 1075368, 899624, 1004906]"
2278,"[1004436, 1070820, 1115576, 1022254, 12731436]"
2279,"[1028891, 944534, 880150, 1050741, 993638]"
2280,"[1070820, 1068719, 1004906, 1044078, 880150]"
2281,"[1126899, 6034857, 5569230, 5568729, 1131488]"
2282,"[1098248, 1029743, 1056509, 10457590, 6034857]"
2283,"[1029743, 1106523, 1126899, 1070820, 10455579]"
2284,"[1029743, 1106523, 1126899, 1070820, 1127831]"
2285,"[1105917, 1067606, 5568072, 7464370, 9419443]"
2287,"[1029743, 1106523, 1082212, 1132771, 13008065]"
2288,"[1126899, 1051516, 1092303, 7464370, 1044078]"
2289,"[1029743, 1040807, 944139, 1004906, 10344585]"
2290,"[1029743, 1075368, 1037840, 1101010, 1132771]"
2291,"[12523928, 1029743, 1106523, 1070820, 1126899]"
2292,"[1029743, 1008032, 899624, 1137775, 1087102]"
2293,"[1082185, 1055504, 1070820, 1038985, 1019643]"
2294,"[1106523, 1126899, 1029743, 1068719, 899624]"
2295,"[1106523, 1022254, 1068719, 899624, 1004906]"
2296,"[1029743, 1070820, 1068719, 899624, 1004906]"
2297,"[12731544, 1106523, 1029743, 1127758, 993638]"
2298,"[1029743, 1106523, 1022254, 1004906, 1044078]"
2299,"[6602697, 5568729, 14106445, 1043730, 1081177]"
2300,"[1029743, 5568729, 1044078, 12301100, 1081177]"
2301,"[1029743, 1044078, 844179, 5568729, 5569230]"
2302,"[1029743, 1102416, 1004906, 1056509, 1135573]"
2303,"[1029743, 925862, 1138443, 1044078, 8090440]"
2305,"[1029743, 1068719, 1075368, 899624, 1026118]"
2307,"[1029743, 1098844, 1040807, 1044078, 1138443]"
2308,"[1029743, 1106523, 5569230, 916122, 1044078]"
2310,"[1068719, 1004906, 1100972, 944534, 999779]"
2312,"[1070820, 1126899, 1022254, 1127831, 6034857]"
2314,"[1126899, 6034857, 1138443, 1127831, 1024306]"
2315,"[1029743, 1106523, 5569230, 916122, 1044078]"
2317,"[1029743, 1106523, 899624, 1004906, 1056509]"
2319,"[1029743, 1075368, 1051516, 1044078, 5569230]"
2322,"[1126899, 1068719, 899624, 1004906, 1127831]"
2323,"[1029743, 1106523, 1042765, 1113820, 1126899]"
2324,"[1029743, 1068719, 1004906, 1104343, 844179]"
2325,"[1029743, 1106523, 5569230, 916122, 1044078]"
2328,"[1106523, 1127831, 1044078, 5569230, 5568378]"
2330,"[1029743, 1106523, 1126899, 1070820, 1022254]"
2331,"[1029743, 1044078, 5568378, 944534, 844179]"
2333,"[1029743, 1106523, 1070820, 1126899, 1044078]"
2334,"[1029743, 899624, 1004906, 844179, 5568378]"
2335,"[1029743, 1106523, 1101010, 899624, 1122358]"
2336,"[1029743, 1126899, 1106523, 1068719, 5568378]"
2337,"[1106523, 1029743, 1068719, 899624, 1004906]"
2338,"[1106523, 1004906, 5569327, 1070272, 10149640]"
2339,"[1029743, 1106523, 5569230, 916122, 1044078]"
2340,"[1106523, 1026118, 899624, 1004906, 8090521]"
2341,"[1029743, 1106523, 1068719, 899624, 1004906]"
2342,"[1029743, 1056509, 844179, 5569230, 5568729]"
2343,"[1029743, 1106523, 1068719, 1044078, 5569327]"
2344,"[1106523, 1068719, 899624, 1056509, 1004906]"
2345,"[1029743, 1106523, 1075368, 1056509, 1044078]"
2347,"[1029743, 1068719, 1122358, 1056509, 1006184]"
2349,"[1029743, 1106523, 1082185, 1070820, 1004001]"
2350,"[1029743, 1106523, 5569230, 916122, 1044078]"
2351,"[1029743, 1126899, 899624, 1004906, 1137775]"
2352,"[1075786, 1059902, 1006184, 5568378, 8020044]"
2354,"[1126899, 6034857, 6602697, 1081177, 9835509]"
2359,"[1106523, 1068719, 1022254, 5592931, 1122358]"
2360,"[1029743, 1070820, 899624, 1004906, 1044078]"
2361,"[1126899, 1044078, 1004906, 844179, 1100972]"
2363,"[1029743, 1106523, 1070820, 6602697, 1042544]"
2364,"[1106523, 1126899, 1070820, 1029743, 899624]"
2366,"[1004906, 1044078, 5568378, 844179, 944534]"
2368,"[1029743, 1106523, 5569230, 916122, 1044078]"
2369,"[1029743, 1106523, 1070820, 1040807, 1056509]"
2370,"[1070820, 1022254, 1044078, 844179, 944534]"
2372,"[1029743, 1070820, 1004906, 1044078, 844179]"
2373,"[1029743, 1106523, 5569230, 916122, 1044078]"
2374,"[1070820, 1040807, 1137775, 1044078, 844179]"
2375,"[1106523, 899624, 1132771, 1137775, 6034857]"
2376,"[1029743, 1126899, 1040807, 1056509, 1044078]"
2377,"[1106523, 1029743, 1026984, 1004906, 844179]"
2378,"[1029743, 1022254, 1068719, 1004906, 844179]"
2379,"[1126899, 5569327, 1108094, 5568729, 844179]"
2380,"[1029743, 1131488, 1122358, 899624, 5569230]"
2381,"[5568378, 1009187, 880150, 944534, 1026984]"
2385,"[1029743, 1106523, 1068719, 899624, 1044078]"
2386,"[1029743, 1104343, 1138443, 5568378, 1008074]"
2387,"[1029743, 1106523, 1126899, 1070820, 1004906]"
2388,"[1029743, 944139, 1004001, 9859060, 1043730]"
2389,"[1029743, 1022254, 899624, 5568378, 12946027]"
2392,"[1106523, 1068719, 899624, 1004906, 1044078]"
2393,"[1022254, 1104343, 8014645, 1009187, 1019643]"
2394,"[1029743, 1106523, 5567502, 986727, 1092502]"
2395,"[1029743, 1106523, 1068719, 1004906, 1044078]"
2397,"[1116770, 1135834, 1001827, 1116376, 1136719]"
2399,"[1029743, 1106523, 5569230, 916122, 1044078]"
2400,"[1106523, 1068719, 899624, 1004906, 1044078]"
2401,"[1029743, 1106523, 1126899, 917816, 6979518]"
2404,"[1029743, 1106523, 1126899, 1070820, 899624]"
2405,"[1029743, 6602697, 1100972, 5568378, 1062002]"
2406,"[1126899, 1070820, 1075368, 1026118, 6034857]"
2407,"[1082185, 1029743, 1106523, 899624, 1004906]"
2408,"[1029743, 12171656, 1138443, 1018740, 9527159]"
2410,"[1029743, 1106523, 899624, 6034857, 1100972]"
2412,"[1106523, 1068719, 899624, 1044078, 1004906]"
2416,"[1029743, 1126899, 1098844, 899624, 1004906]"
2418,"[1029743, 1101010, 1056509, 1004906, 1059902]"
2420,"[1029743, 1106523, 1068719, 1044078, 1004906]"
2421,"[1029743, 1126899, 1070820, 1022254, 1068719]"
2424,"[1029743, 1068719, 1056509, 1004906, 6034857]"
2425,"[1029743, 1070820, 1005274, 12988031, 1105917]"
2426,"[1029743, 5568378, 1067695, 1060408, 1044078]"
2427,"[1070820, 1087102, 844179, 5569230, 5569471]"
2429,"[1029743, 1082185, 899624, 1122358, 1044078]"
2431,"[1106523, 1029743, 917816, 1004906, 1044078]"
2434,"[944534, 1029743, 1106523, 12731432, 1068292]"
2435,"[1029743, 899624, 1098248, 1055504, 1056509]"
2437,"[1029743, 1070820, 5568378, 1004906, 5569230]"
2438,"[1106523, 1029743, 8090556, 1018818, 1053022]"
2439,"[1106523, 1029743, 1070820, 1025611, 1098844]"
2440,"[1106523, 899624, 1041796, 1044078, 999779]"
2441,"[1029743, 1127328, 1003616, 5568378, 8014645]"
2442,"[6602697, 1126899, 1009187, 12988031, 6464147]"
2445,"[1029743, 1044078, 1101010, 844179, 1087102]"
2446,"[1068719, 1101010, 844179, 1027168, 1023815]"
2447,"[1132771, 1062002, 9835509, 1051211, 1105917]"
2448,"[1106523, 1068719, 899624, 1004906, 1044078]"
2449,"[1029743, 1106523, 1126899, 1068719, 1004906]"
2450,"[1070820, 1022254, 8014645, 6034857, 1002771]"
2451,"[1126899, 1070820, 899624, 1004906, 844179]"
2452,"[1106523, 899624, 1122358, 1004906, 5568378]"
2453,"[1121393, 1098844, 1026118, 1106271, 1136719]"
2455,"[1029743, 1106523, 1044078, 1004906, 5568378]"
2456,"[1126899, 1104414, 5590613, 5981074, 5587656]"
2457,"[1106523, 1040807, 1104343, 1137775, 5568378]"
2458,"[1060543, 1004390, 899624, 1041796, 13190240]"
2459,"[1029743, 1070820, 899624, 1004906, 1044078]"
2460,"[1029743, 1082990, 5568378, 9935616, 1130729]"
2461,"[1106523, 1029743, 1022254, 13213271, 1019643]"
2462,"[1029743, 1022254, 1004906, 6034857, 1127831]"
2464,"[1029743, 1106523, 1070820, 1051211, 1092120]"
2465,"[1019247, 844179, 1009187, 10344585, 1136524]"
2466,"[1029743, 1106523, 1068719, 1041796, 1122358]"
2467,"[1126899, 1070820, 899624, 5568378, 5569230]"
2470,"[1106523, 1029743, 6391381, 1019643, 9487613]"
2471,"[1029743, 1106523, 1126899, 1070820, 6979437]"
2472,"[1082185, 1029743, 1068719, 1132771, 1122358]"
2475,"[1029743, 1070820, 1004906, 5568378, 1132771]"
2477,"[1025611, 5568729, 1051211, 844179, 12987976]"
2478,"[1106523, 1004906, 1137775, 1041796, 944534]"
2479,"[1106523, 1068719, 899624, 1004906, 6034857]"
2481,"[1029743, 1068719, 899624, 1056509, 5568378]"
2482,"[1029743, 1082185, 1106523, 899624, 1004906]"
2483,"[1029743, 1106523, 1070820, 1137775, 1004906]"
2484,"[1029743, 899624, 1004906, 1056509, 1044078]"
2485,"[1003257, 1098844, 6602697, 1014948, 1008032]"
2486,"[1029743, 1106523, 1068719, 5568378, 844179]"
2488,"[1070820, 1068719, 899624, 1004906, 1040807]"
2489,"[1029743, 1126899, 1068719, 899624, 1004906]"
2492,"[1126899, 1106523, 1056509, 1004906, 1137775]"
2494,"[1070820, 1055504, 1098844, 899624, 1137775]"
2496,"[1106523, 1068719, 899624, 1044078, 1056509]"
2497,"[1029743, 1070820, 899624, 1004906, 1044078]"
2498,"[1106523, 1126899, 1070820, 1009187, 1002771]"
2499,"[1106523, 1070820, 899624, 5568378, 1044078]"
2500,"[1068719, 1056509, 1044078, 1132771, 1137775]"
